BMW,5 Serisi,520i Executive M Sport,2016,Benzin,Yarı Otomatik,136.000,170 hp,1592 cc,808000
BMW,3 Serisi,318is,1998,Benzin,Manuel,136.000,140 hp,1796 cc,240000
BMW,3 Serisi,320d Sport Line,2012,Dizel,Yarı Otomatik,305.000,184 hp,1995 cc,465000
BMW,3 Serisi,320d Premium,2010,Dizel,Otomatik,165.000,177 hp,1995 cc,397500
BMW,3 Serisi,320d Premium,2007,Dizel,Yarı Otomatik,245.000,151 - 175 HP,1801 - 2000 cm3,292500
BMW,3 Serisi,320i ED Sport Line,2015,Benzin,Yarı Otomatik,124.000,170 hp,1598 cc,560900
BMW,3 Serisi,318i Edition M Sport,2017,Benzin,Otomatik,124.000,136 hp,1499 cc,759000
BMW,3 Serisi,316i M Sport,2014,Benzin,Yarı Otomatik,126.000,136 hp,1598 cc,575000
BMW,3 Serisi,316i M Sport,2014,Benzin,Yarı Otomatik,219.000,136 hp,1598 cc,430000
BMW,3 Serisi,320d M Sport,2012,Dizel,Otomatik,235.555,176 - 200 HP,1801 - 2000 cm3,535000
BMW,3 Serisi,320i,2012,Benzin,Otomatik,88.000,184 hp,1997 cc,532900
BMW,3 Serisi,320d M Sport,2011,Dizel,Otomatik,155.000,184 hp,1995 cc,352000
BMW,3 Serisi,320d Premium,2010,Dizel,Otomatik,262.000,177 hp,1995 cc,340500
BMW,3 Serisi,320i ED Sport Line,2016,Benzin,Yarı Otomatik,87.500,170 hp,1598 cc,850000
BMW,3 Serisi,320d xDrive Techno Plus,2013,Dizel,Yarı Otomatik,172.000,184 hp,1995 cc,520000
BMW,3 Serisi,320d Premium,2010,Dizel,Otomatik,245.000,177 hp,1995 cc,355000
BMW,3 Serisi,320d Edition Comfort,2012,Dizel,Otomatik,216.000,184 hp,1995 cc,421000
BMW,3 Serisi,320d Edition M Sport,2018,Dizel,Otomatik,68.000,190 hp,1995 cc,915000
BMW,3 Serisi,318i Edition Sport Line,2017,Benzin,Otomatik,115.000,136 hp,1499 cc,665000
BMW,3 Serisi,320d Premium,2010,Dizel,Otomatik,260.000,177 hp,1995 cc,286500
BMW,3 Serisi,320i ED Modern Line,2014,Benzin,Otomatik,124.000,170 hp,1598 cc,545000
BMW,3 Serisi,320d M Sport,2012,Dizel,Yarı Otomatik,168.000,184 hp,1995 cc,555000
BMW,3 Serisi,330i xDrive Edition M Sport,2018,Benzin,Otomatik,86.000,252 hp,1998 cc,1250000
BMW,3 Serisi,320i ED Techno Plus,2013,Benzin,Otomatik,214.000,170 hp,1598 cc,432000
BMW,3 Serisi,318is,1997,Benzin & LPG,Manuel,340.000,140 hp,1796 cc,120000
BMW,3 Serisi,320d xDrive 40th Year Edition,2017,Dizel,Otomatik,121.000,190 hp,1995 cc,849900
BMW,3 Serisi,320d M Sport,2011,Dizel,Yarı Otomatik,267.000,184 hp,1995 cc,435000
BMW,3 Serisi,320d M Sport,2008,Dizel,Otomatik,262.000,177 hp,1995 cc,408000
BMW,3 Serisi,320d Premium Line,2018,Dizel,Otomatik,91.500,190 hp,1995 cc,775000
BMW,3 Serisi,320d Premium Line,2018,Dizel,Otomatik,36.865,190 hp,1995 cc,819000
BMW,3 Serisi,316i M Sport,2014,Benzin,Yarı Otomatik,189.000,136 hp,1598 cc,477400
BMW,3 Serisi,318i M Joy,2016,Benzin,Yarı Otomatik,109.500,136 hp,1499 cc,619900
BMW,3 Serisi,320i First Edition M Sport,2019,Benzin,Otomatik,22.000,170 hp,1597 cc,1165000
BMW,3 Serisi,316ti Compact,2003,Benzin,Manuel,330.000,115 hp,1596 cc,105000
BMW,3 Serisi,320d M Sport,2009,Dizel,Otomatik,155.000,177 hp,1995 cc,665000
BMW,3 Serisi,320i ED 40th Year Edition,2016,Benzin,Yarı Otomatik,110.000,170 hp,1598 cc,750000
BMW,3 Serisi,320i First Edition M Sport,2020,Benzin,Otomatik,68.000,170 hp,1597 cc,1200000
BMW,3 Serisi,316i Standart,1995,Benzin & LPG,Manuel,320.000,102 hp,1596 cc,100000
BMW,3 Serisi,320d Standart,2012,Dizel,Otomatik,256.000,184 hp,1995 cc,340000
BMW,3 Serisi,320d M Sport,2011,Dizel,Otomatik,230.000,184 hp,1995 cc,372000
BMW,3 Serisi,320i First Edition M Sport,2020,Benzin,Otomatik,9.000,170 hp,1597 cc,1050000
BMW,3 Serisi,316i Comfort,2012,Benzin,Otomatik,135.000,151 - 175 HP,1601 - 1800 cm3,430000
BMW,3 Serisi,320d M Sport,2011,Dizel,Yarı Otomatik,210.000,184 hp,1995 cc,615000
BMW,3 Serisi,318is,1994,Benzin & LPG,Otomatik,192.000,140 hp,1796 cc,102500
BMW,3 Serisi,316i M Sport,2015,Benzin,Yarı Otomatik,205.000,136 hp,1598 cc,555000
BMW,3 Serisi,320d Modern Line,2013,Dizel,Yarı Otomatik,200.000,184 hp,1995 cc,487500
BMW,3 Serisi,320d M Sport,2013,Dizel,Yarı Otomatik,340.000,184 hp,1995 cc,440000
BMW,3 Serisi,320d GT Gran Turismo,2013,Dizel,Otomatik,163.000,184 hp,1995 cc,519000
BMW,3 Serisi,320i First Edition Sport Line,2019,Benzin,Otomatik,21.000,170 hp,1597 cc,1044900
BMW,3 Serisi,318i Edition Luxury Line,2017,Benzin,Otomatik,162.000,136 hp,1499 cc,715000
BMW,3 Serisi,316i M Sport,2012,Benzin,Yarı Otomatik,164.000,136 hp,1598 cc,415000
BMW,3 Serisi,320d M Sport,2009,Dizel,Otomatik,230.000,177 hp,1995 cc,585000
BMW,3 Serisi,325i Standart,1989,Benzin & LPG,Manuel,111.111,176 - 200 HP,2001 - 2500 cm3,67500
BMW,3 Serisi,320i,2001,Benzin & LPG,Otomatik,306.000,170 hp,2171 cc,225000
BMW,3 Serisi,320d Standart,2014,Dizel,Otomatik,90.000,184 hp,1995 cc,665000
BMW,3 Serisi,320i ED Techno Plus,2014,Benzin,Otomatik,154.000,170 hp,1598 cc,447500
BMW,3 Serisi,320i,1994,Benzin & LPG,Manuel,244.000,150 hp,1991 cc,155555
BMW,3 Serisi,320d M Sport,2015,Dizel,Yarı Otomatik,168.000,190 hp,1995 cc,710000
BMW,3 Serisi,320d Premium,2006,Dizel,Otomatik,263.000,163 hp,1995 cc,209999
BMW,3 Serisi,320i,1997,Benzin & LPG,Manuel,209.000,150 hp,1991 cc,155000
BMW,3 Serisi,320i,1999,Benzin & LPG,Otomatik,315.000,150 hp,1991 cc,159500
BMW,3 Serisi,320i ED Luxury Line,2015,Benzin,Otomatik,124.000,170 hp,1598 cc,610000
BMW,3 Serisi,318i Standart,1994,Benzin & LPG,Manuel,325.000,115 hp,1796 cc,107000
BMW,3 Serisi,320d M Sport,2009,Dizel,Otomatik,295.000,177 hp,1995 cc,335000
BMW,3 Serisi,320d xDrive Modern Line,2014,Dizel,Otomatik,273.000,184 hp,1995 cc,530000
BMW,3 Serisi,320d Standart,2014,Dizel,Otomatik,242.000,184 hp,1995 cc,472000
BMW,3 Serisi,320i ED Standart,2013,Benzin,Otomatik,198.000,170 hp,1598 cc,485750
BMW,3 Serisi,320i ED 40th Year Edition,2016,Benzin,Yarı Otomatik,78.000,170 hp,1598 cc,805000
BMW,3 Serisi,320i ED Modern Line,2013,Benzin,Otomatik,168.000,170 hp,1598 cc,469000
BMW,3 Serisi,318i Standart,1998,Benzin & LPG,Manuel,302.000,118 hp,1895 cc,168000
BMW,3 Serisi,320i Premium,2006,Benzin & LPG,Otomatik,365.000,150 hp,1995 cc,242000
BMW,3 Serisi,320d M Sport,2013,Dizel,Yarı Otomatik,240.000,184 hp,1995 cc,485000
BMW,3 Serisi,320d Standart,2013,Dizel,Otomatik,185.000,184 hp,1995 cc,510000
BMW,3 Serisi,318i Standart,2001,Benzin & LPG,Otomatik,392.000,143 hp,1995 cc,160000
BMW,3 Serisi,320d M Sport,2013,Dizel,Yarı Otomatik,195.000,184 hp,1995 cc,599000
BMW,3 Serisi,316i Standart,1990,Benzin,Manuel,200.000,99 hp,1596 cc,85000
BMW,3 Serisi,318i Standart,2002,Benzin & LPG,Otomatik,296.000,143 hp,1995 cc,136000
BMW,3 Serisi,320d Premium Line,2018,Dizel,Otomatik,33.000,190 hp,1995 cc,855000
BMW,3 Serisi,318i Standart,1990,Benzin & LPG,Manuel,352.000,113 hp,1796 cc,95000
BMW,3 Serisi,320d Standart,2010,Dizel,Otomatik,258.000,184 hp,1995 cc,258000
BMW,3 Serisi,316i Standart,1993,Benzin & LPG,Manuel,381.000,102 hp,1596 cc,81950
BMW,3 Serisi,320i,2008,Benzin,Otomatik,189.000,170 hp,1995 cc,409000
BMW,3 Serisi,318i Premium Line,2018,Benzin,Otomatik,43.000,136 hp,1499 cc,719000
BMW,3 Serisi,325xi Standart,2001,Benzin,Otomatik,359.000,192 hp,2494 cc,189500
BMW,3 Serisi,316i M Sport,2014,Benzin,Yarı Otomatik,112.000,136 hp,1598 cc,440000
BMW,3 Serisi,318i M Joy Plus,2015,Benzin,Yarı Otomatik,181.000,136 hp,1499 cc,557000
BMW,3 Serisi,320d Premium,2007,Dizel,Otomatik,383.000,163 hp,1995 cc,239900
BMW,3 Serisi,316i M Sport,2013,Benzin,Yarı Otomatik,215.000,101 - 125 HP,3001 - 3500 cm3,470000
BMW,3 Serisi,320i Executive M Sport,2020,Benzin,Otomatik,19.000,151 - 175 HP,1301 - 1600 cm3,1190000
BMW,3 Serisi,320i,2000,Benzin,Otomatik,229.000,170 hp,1991 cc,159500
BMW,3 Serisi,328i Touring,1995,Benzin & LPG,Manuel,291.300,193 hp,2793 cc,184000
BMW,3 Serisi,320d Premium,2011,Dizel,Otomatik,253.000,177 hp,1995 cc,326500
BMW,3 Serisi,320i ED Standart,2013,Benzin,Otomatik,153.967,170 hp,1598 cc,500000
BMW,3 Serisi,320d M Sport,2012,Dizel,Yarı Otomatik,250.000,184 hp,1995 cc,650000
BMW,3 Serisi,320i First Edition M Sport,2021,Benzin,Otomatik,18.000,170 hp,1597 cc,1095000
BMW,3 Serisi,318i Edition M Sport,2017,Benzin,Otomatik,64.000,136 hp,1499 cc,716500
BMW,3 Serisi,320i ED Techno Plus,2013,Benzin,Otomatik,108.800,170 hp,1598 cc,537000
BMW,3 Serisi,320d Modern Line,2013,Dizel,Yarı Otomatik,228.000,184 hp,1995 cc,490000
BMW,3 Serisi,320i ED M Plus,2016,Benzin,Yarı Otomatik,94.850,170 hp,1598 cc,635000
BMW,3 Serisi,318d Premium,2009,Dizel,Yarı Otomatik,209.000,143 hp,1995 cc,365950
BMW,3 Serisi,320d Premium,2005,Dizel,Otomatik,338.000,163 hp,1995 cc,185000
BMW,3 Serisi,316i Comfort,2012,Benzin,Otomatik,165.000,136 hp,1598 cc,425000
BMW,3 Serisi,318i Edition M Sport,2017,Benzin,Otomatik,77.000,136 hp,1499 cc,685000
BMW,3 Serisi,320d Comfort,2012,Dizel,Otomatik,252.000,176 - 200 HP,1801 - 2000 cm3,399000
BMW,3 Serisi,320i First Edition Luxury Line,2020,Benzin,Otomatik,14.986,151 - 175 HP,1301 - 1600 cm3,1145000
BMW,3 Serisi,320i ED M Sport,2015,Benzin,Otomatik,125.000,151 - 175 HP,1301 - 1600 cm3,510000
BMW,3 Serisi,320d Sport Line,2017,Dizel,Yarı Otomatik,145.000,190 hp,1995 cc,732500
BMW,3 Serisi,320i ED 40th Year Edition,2015,Benzin,Yarı Otomatik,130.000,170 hp,1598 cc,645000
BMW,3 Serisi,320i ED Sport Line,2015,Benzin,Yarı Otomatik,125.000,170 hp,1598 cc,555000
BMW,3 Serisi,320i ED Standart,2013,Benzin,Otomatik,224,170 hp,1598 cc,430000
BMW,3 Serisi,320i ED Sport Line,2014,Benzin,Yarı Otomatik,178.000,170 hp,1598 cc,429000
BMW,3 Serisi,320si,2006,Benzin,Manuel,219.000,173 hp,1997 cc,270000
BMW,3 Serisi,316i Premium,2007,Benzin & LPG,Manuel,190.000,122 hp,1597 cc,232000
BMW,3 Serisi,320i First Edition Sport Line,2020,Benzin,Otomatik,23.900,170 hp,1597 cc,1099000
BMW,3 Serisi,320d Comfort,2013,Dizel,Otomatik,209.000,176 - 200 HP,2001 - 2500 cm3,422500
BMW,3 Serisi,316i Standart,1993,Benzin & LPG,Manuel,345.000,102 hp,1596 cc,81750
BMW,3 Serisi,320d Premium,2008,Dizel,Otomatik,126.774,177 hp,1995 cc,365500
BMW,3 Serisi,316ti Compact,2004,Benzin & LPG,Manuel,295.000,115 hp,1596 cc,117000
BMW,3 Serisi,318i Standart,2002,Benzin & LPG,Otomatik,260.000,143 hp,1995 cc,212500
BMW,3 Serisi,320i ED Sport Line,2016,Benzin,Yarı Otomatik,120.000,170 hp,1598 cc,640000
BMW,3 Serisi,316i Comfort,2013,Benzin,Otomatik,182.000,136 hp,1598 cc,480000
BMW,3 Serisi,320i,1999,Benzin,Manuel,248.000,150 hp,1991 cc,160000
BMW,3 Serisi,316i Standart,2006,Benzin & LPG,Manuel,208.000,115 hp,1596 cc,223250
BMW,3 Serisi,320d Comfort,2011,Dizel,Yarı Otomatik,260.000,184 hp,1995 cc,345000
BMW,3 Serisi,316i Modern Line,2012,Benzin,Yarı Otomatik,129.000,136 hp,1598 cc,469000
BMW,3 Serisi,316i Compact,1999,Benzin & LPG,Otomatik,329.000,102 hp,1596 cc,112000
BMW,3 Serisi,320d M Sport,2012,Dizel,Otomatik,340.000,184 hp,1995 cc,363900
BMW,3 Serisi,320i,2000,Benzin & LPG,Otomatik,387,150 hp,1991 cc,163000
BMW,3 Serisi,320d Premium,2006,Dizel,Otomatik,291.000,163 hp,1995 cc,259000
BMW,3 Serisi,320d xDrive Comfort,2011,Dizel,Otomatik,182.000,184 hp,1995 cc,405000
BMW,3 Serisi,320i ED Modern Line,2013,Benzin,Otomatik,180.000,170 hp,1598 cc,435000
BMW,3 Serisi,316i Compact,2000,Benzin & LPG,Manuel,296.000,102 hp,1596 cc,96500
BMW,3 Serisi,320i ED Sport Line,2016,Benzin,Yarı Otomatik,141.000,170 hp,1598 cc,579900
BMW,3 Serisi,320i ED Sport Line,2014,Benzin,Yarı Otomatik,104.000,170 hp,1598 cc,615000
BMW,3 Serisi,320d Techno Plus,2014,Dizel,Yarı Otomatik,160.000,184 hp,1995 cc,568000
BMW,3 Serisi,320d Premium,2017,Dizel,Yarı Otomatik,95.000,190 hp,1995 cc,846250
BMW,3 Serisi,320i ED Sport Line,2014,Benzin,Yarı Otomatik,144.000,170 hp,1598 cc,558000
BMW,3 Serisi,320i First Edition M Sport,2022,Benzin,Otomatik,0,170 hp,1597 cc,1395000
BMW,3 Serisi,316i Standart,1998,Benzin & LPG,Manuel,316.888,102 hp,1596 cc,96000
BMW,3 Serisi,316i M Sport,2014,Benzin,Yarı Otomatik,35.000,126 - 150 HP,1301 - 1600 cm3,749999
BMW,3 Serisi,320i First Edition M Sport,2020,Benzin,Otomatik,3.000,170 hp,1597 cc,1120000
BMW,3 Serisi,320i First Edition Sport Line,2020,Benzin,Otomatik,8.000,170 hp,1597 cc,1075000
BMW,3 Serisi,320i First Edition Sport Line,2020,Benzin,Otomatik,5.200,170 hp,1597 cc,1110000
BMW,3 Serisi,320i ED Sport Plus,2015,Benzin,Yarı Otomatik,145.000,170 hp,1598 cc,585000
BMW,3 Serisi,316i Standart,1990,Benzin & LPG,Manuel,245.000,99 hp,1596 cc,107900
BMW,3 Serisi,320i ED 40th Year Edition,2015,Benzin,Yarı Otomatik,85.000,170 hp,1598 cc,690000
BMW,3 Serisi,320i First Edition Sport Line,2020,Benzin,Otomatik,29.000,170 hp,1597 cc,1025000
BMW,3 Serisi,330xd Standart,2005,Dizel,Otomatik,400.000,231 hp,2993 cc,240000
BMW,3 Serisi,320i ED M Plus,2015,Benzin,Yarı Otomatik,87.000,170 hp,1598 cc,665000
BMW,3 Serisi,320i ED Sport Line,2016,Benzin,Otomatik,58.500,151 - 175 HP,1301 - 1600 cm3,685000
BMW,3 Serisi,318i Premium Line,2018,Benzin,Otomatik,52.500,136 hp,1499 cc,689000
BMW,3 Serisi,320d Modern Line,2013,Dizel,Yarı Otomatik,251.650,184 hp,1995 cc,474750
BMW,3 Serisi,318i Standart,2006,Benzin,Otomatik,317.000,129 hp,1995 cc,230000
BMW,3 Serisi,320d Standart,2013,Dizel,Otomatik,198.000,184 hp,1995 cc,468000
BMW,3 Serisi,320i First Edition Sport Line,2021,Benzin,Otomatik,28.000,170 hp,1597 cc,1175000
BMW,3 Serisi,320d Modern Line,2012,Dizel,Yarı Otomatik,184.000,184 hp,1995 cc,510000
BMW,3 Serisi,320i ED Standart,2015,Benzin,Otomatik,79.000,170 hp,1598 cc,685000
BMW,3 Serisi,320d Comfort,2010,Dizel,Yarı Otomatik,283.000,177 hp,1995 cc,315000
BMW,3 Serisi,318i Standart,1991,Benzin & LPG,Manuel,235.000,113 hp,1796 cc,98000
BMW,3 Serisi,320d M Sport,2011,Dizel,Otomatik,303.000,184 hp,1995 cc,410000
BMW,3 Serisi,318d Premium,2009,Dizel,Yarı Otomatik,186.000,143 hp,1995 cc,321000
BMW,3 Serisi,320d Standart,2009,Dizel,Otomatik,178.000,177 hp,1995 cc,460000
BMW,3 Serisi,320i ED Techno Plus,2013,Benzin,Otomatik,109.000,170 hp,1598 cc,505000
BMW,3 Serisi,320d Premium,2007,Dizel,Otomatik,308.000,163 hp,1995 cc,278000
BMW,3 Serisi,320i M Sport,2020,Benzin,Otomatik,27.400,170 hp,1597 cc,1179000
BMW,3 Serisi,316i Standart,1994,Benzin & LPG,Manuel,492.000,102 hp,1596 cc,78000
BMW,3 Serisi,320d M Sport,2012,Dizel,Otomatik,211.000,184 hp,1995 cc,495000
BMW,3 Serisi,320d Edition Comfort,2011,Dizel,Otomatik,108.000,184 hp,1995 cc,442500
BMW,3 Serisi,320d Sport Line,2013,Dizel,Yarı Otomatik,194.000,184 hp,1995 cc,582500
BMW,3 Serisi,316i Compact,1995,Benzin & LPG,Manuel,292.000,102 hp,1596 cc,77500
BMW,3 Serisi,320d M Sport,2013,Dizel,Yarı Otomatik,145.000,184 hp,1995 cc,440750
BMW,3 Serisi,316ti Compact,2003,Benzin,Manuel,266.000,115 hp,1596 cc,156000
BMW,3 Serisi,323Ci,1999,Benzin,Manuel,122.000,170 hp,2494 cc,203000
BMW,3 Serisi,320i ED 40th Year Edition,2016,Benzin,Yarı Otomatik,84.000,170 hp,1598 cc,835000
BMW,3 Serisi,320d xDrive M Sport,2014,Dizel,Yarı Otomatik,220.000,184 hp,1995 cc,599950
BMW,3 Serisi,316i Standart,1991,Benzin & LPG,Manuel,260.000,99 hp,1596 cc,90000
BMW,3 Serisi,320i ED Sport Line,2015,Benzin,Yarı Otomatik,155.000,170 hp,1598 cc,590000
BMW,3 Serisi,316i M Sport,2015,Benzin,Yarı Otomatik,123.000,136 hp,1598 cc,575000
BMW,3 Serisi,316i Exclusive,2009,Benzin,Manuel,168.540,122 hp,1597 cc,291000
BMW,3 Serisi,320i ED 40th Year Edition,2015,Benzin,Yarı Otomatik,129.000,170 hp,1598 cc,760000
BMW,3 Serisi,320d M Sport,2008,Dizel,Otomatik,217.000,177 hp,1995 cc,408000
BMW,3 Serisi,328i,1999,Benzin & LPG,Manuel,290.000,193 hp,2793 cc,150000
BMW,3 Serisi,318i M Joy,2015,Benzin,Yarı Otomatik,162.000,136 hp,1499 cc,605000
BMW,3 Serisi,316i M Sport,2014,Benzin,Yarı Otomatik,84.000,136 hp,1598 cc,600000
BMW,3 Serisi,318i Premium Line,2017,Benzin,Otomatik,75.000,136 hp,1499 cc,676000
BMW,3 Serisi,318i Standart,2007,Benzin & LPG,Otomatik,298.500,143 hp,1995 cc,222000
BMW,3 Serisi,320i ED 40th Year Edition,2015,Benzin,Yarı Otomatik,110.000,170 hp,1598 cc,690000
BMW,3 Serisi,318i Edition Sport Line,2017,Benzin,Otomatik,90.000,136 hp,1499 cc,695000
BMW,3 Serisi,320i First Edition Sport Line,2020,Benzin,Otomatik,25.000,170 hp,1597 cc,1035000
BMW,3 Serisi,320d Premium Line,2018,Dizel,Otomatik,33.000,190 hp,1995 cc,890000
BMW,3 Serisi,320d Modern Line,2012,Dizel,Yarı Otomatik,176.500,184 hp,1995 cc,575000
BMW,3 Serisi,318i M Joy Plus,2016,Benzin,Otomatik,125.500,126 - 150 HP,1301 - 1600 cm3,620000
BMW,3 Serisi,318i Edition M Sport,2017,Benzin,Otomatik,72.000,136 hp,1499 cc,750000
BMW,3 Serisi,318i Prestige,2015,Benzin,Yarı Otomatik,105.000,136 hp,1499 cc,625000
BMW,3 Serisi,320d Premium,2006,Dizel,Otomatik,260.000,163 hp,1995 cc,275000
BMW,3 Serisi,320i ED Sport Line,2016,Benzin,Yarı Otomatik,77.500,170 hp,1598 cc,580000
BMW,3 Serisi,318i Prestige,2015,Benzin,Yarı Otomatik,120.000,136 hp,1499 cc,535000
BMW,3 Serisi,320d Standart,2013,Dizel,Otomatik,255.000,184 hp,1995 cc,479500
BMW,3 Serisi,320i ED Sport Line,2016,Benzin,Yarı Otomatik,97.000,170 hp,1598 cc,607500
BMW,3 Serisi,320d M Sport,2011,Dizel,Otomatik,200.000,184 hp,1995 cc,415000
BMW,3 Serisi,320d Standart,2010,Dizel,Otomatik,330.000,177 hp,1995 cc,323000
BMW,3 Serisi,318d Prestige,2017,Dizel,Otomatik,137.000,150 hp,1995 cc,690000
BMW,3 Serisi,320i ED 40th Year Edition,2015,Benzin,Yarı Otomatik,95.000,151 - 175 HP,1801 - 2000 cm3,515000
BMW,3 Serisi,320i First Edition M Sport,2020,Benzin,Otomatik,26.000,170 hp,1597 cc,1200000
BMW,3 Serisi,318i Standart,2007,Benzin & LPG,Otomatik,267.000,129 hp,1995 cc,210000
BMW,3 Serisi,320d Standart,2002,Dizel,Manuel,257.000,150 hp,1995 cc,165000
BMW,3 Serisi,318is,1997,Benzin,Manuel,260.000,140 hp,1796 cc,115000
BMW,3 Serisi,318is,1998,Benzin & LPG,Manuel,235.000,140 hp,1895 cc,157000
BMW,3 Serisi,320d M Sport,2011,Dizel,Otomatik,213.000,184 hp,1995 cc,312000
BMW,3 Serisi,320i ED Standart,2013,Benzin,Otomatik,69.000,170 hp,1598 cc,523000
BMW,3 Serisi,316i M Sport,2014,Benzin,Yarı Otomatik,175.000,136 hp,1598 cc,540000
BMW,3 Serisi,320i ED Modern Line Plus,2014,Benzin,Otomatik,73.000,170 hp,1598 cc,620000
BMW,3 Serisi,320i First Edition M Sport,2020,Benzin,Otomatik,9.000,170 hp,1597 cc,1100000
BMW,3 Serisi,325i Standart,1984,Benzin,Manuel,243.000,151 - 175 HP,2001 - 2500 cm3,158000
BMW,3 Serisi,320d M Sport,2013,Dizel,Yarı Otomatik,195.000,184 hp,1995 cc,515000
BMW,3 Serisi,316i Sport Line,2013,Benzin,Yarı Otomatik,147.000,136 hp,1598 cc,525000
BMW,3 Serisi,320d Edition Comfort,2011,Dizel,Otomatik,250.000,184 hp,1995 cc,279500
BMW,3 Serisi,318i Standart,2006,Benzin & LPG,Otomatik,274.000,129 hp,1995 cc,242500
BMW,3 Serisi,320d Techno Plus,2013,Dizel,Yarı Otomatik,288.500,184 hp,1995 cc,438500
BMW,3 Serisi,320d Comfort,2012,Dizel,Yarı Otomatik,201.000,184 hp,1995 cc,497500
BMW,3 Serisi,320i ED 40th Year Edition,2015,Benzin,Yarı Otomatik,83.773,170 hp,1598 cc,720000
BMW,3 Serisi,318tds Touring,1996,Dizel,Manuel,170.000,90 hp,1665 cc,180000
BMW,3 Serisi,320i ED Sport Line,2014,Benzin,Yarı Otomatik,211.000,170 hp,1598 cc,457900
BMW,3 Serisi,320d Edition Comfort,2011,Dizel,Otomatik,194.000,184 hp,1995 cc,340000
BMW,3 Serisi,320d xDrive Edition M Sport,2017,Dizel,Otomatik,109.000,190 hp,1995 cc,928000
BMW,3 Serisi,318i Prestige,2017,Benzin,Yarı Otomatik,77.000,136 hp,1499 cc,636000
BMW,3 Serisi,320i,2000,Benzin & LPG,Otomatik,160.000,150 hp,1991 cc,215000
BMW,3 Serisi,316i Comfort,2012,Benzin & LPG,Otomatik,183.000,136 hp,1598 cc,319000
BMW,3 Serisi,316i Standart,2013,Benzin,Otomatik,159.000,136 hp,1598 cc,435000
BMW,3 Serisi,320d Standart,2011,Dizel,Otomatik,239.000,184 hp,1995 cc,285000
BMW,3 Serisi,320d Premium Line,2018,Dizel,Otomatik,81.277,190 hp,1995 cc,810000
BMW,3 Serisi,318i Prestige,2016,Benzin,Yarı Otomatik,150.000,136 hp,1499 cc,550000
BMW,3 Serisi,316i Standart,2011,Benzin,Otomatik,120.000,116 hp,1596 cc,304000
BMW,3 Serisi,320i,2011,Benzin,Otomatik,149.000,156 hp,1995 cc,497500
BMW,3 Serisi,320d GT Premium,2013,Dizel,Yarı Otomatik,294.000,184 hp,1995 cc,525000
BMW,3 Serisi,320i ED 40th Year Edition,2016,Benzin,Yarı Otomatik,71.000,170 hp,1598 cc,655000
BMW,3 Serisi,318Ci,2004,Benzin & LPG,Otomatik,221.000,143 hp,1995 cc,195000
BMW,3 Serisi,320i First Edition Sport Line,2020,Benzin,Otomatik,24.500,170 hp,1597 cc,1100000
BMW,3 Serisi,320i ED Luxury M Plus,2014,Benzin,Otomatik,199.000,170 hp,1598 cc,572000
BMW,3 Serisi,320i Cabrio,2008,Benzin,Otomatik,174.000,170 hp,1995 cc,485000
BMW,3 Serisi,320d Standart,2003,Dizel,Otomatik,225.000,150 hp,1995 cc,215000
BMW,3 Serisi,320d Comfort,2010,Dizel,Yarı Otomatik,180.000,177 hp,1995 cc,339000
BMW,3 Serisi,320d xDrive Luxury Line,2014,Dizel,Yarı Otomatik,179.000,184 hp,1995 cc,594000
BMW,3 Serisi,320d Standart,2011,Dizel,Otomatik,246.500,184 hp,1995 cc,395000
BMW,3 Serisi,320d Premium,2012,Dizel,Yarı Otomatik,220.000,184 hp,1995 cc,335000
BMW,3 Serisi,316i Compact,1996,Benzin & LPG,Otomatik,250.000,102 hp,1596 cc,87500
BMW,3 Serisi,318d Prestige,2017,Dizel,Otomatik,85.000,150 hp,1995 cc,705000
BMW,3 Serisi,320d Luxury,2012,Dizel,Yarı Otomatik,191.000,184 hp,1995 cc,485000
BMW,3 Serisi,320i First Edition M Sport,2019,Benzin,Otomatik,37.000,170 hp,1597 cc,1190000
BMW,3 Serisi,318d Sport Plus,2017,Dizel,Otomatik,104.000,150 hp,1995 cc,700000
BMW,3 Serisi,320i Premium,2007,Benzin,Yarı Otomatik,165.000,170 hp,1995 cc,269950
BMW,3 Serisi,316i Sport Line,2012,Benzin,Yarı Otomatik,154.000,136 hp,1598 cc,495000
BMW,3 Serisi,320i ED M Plus,2016,Benzin,Yarı Otomatik,90.000,170 hp,1598 cc,750000
BMW,3 Serisi,318i M Joy,2015,Benzin,Yarı Otomatik,105.000,136 hp,1499 cc,519950
BMW,3 Serisi,316i Standart,2014,Benzin,Otomatik,160.000,136 hp,1598 cc,499000
BMW,3 Serisi,320d M Sport,2011,Dizel,Otomatik,253.000,184 hp,1995 cc,380000
BMW,3 Serisi,320i First Edition M Sport,2021,Benzin,Otomatik,15.750,170 hp,1597 cc,1170000
BMW,3 Serisi,316i Standart,2011,Benzin,Otomatik,99.000,116 hp,1596 cc,335000
BMW,3 Serisi,320i ED Sport Line,2016,Benzin,Yarı Otomatik,225.000,170 hp,1598 cc,550000
BMW,3 Serisi,316i M Sport,2012,Benzin,Otomatik,183.000,116 hp,1596 cc,515000
BMW,3 Serisi,316i Standart,1992,Benzin & LPG,Manuel,300.000,99 hp,1596 cc,71500
BMW,3 Serisi,320i First Edition Sport Line,2020,Benzin,Otomatik,36.000,170 hp,1597 cc,1020000
BMW,3 Serisi,320i First Edition Sport Line,2021,Benzin,Otomatik,13.700,170 hp,1597 cc,1095000
BMW,3 Serisi,318i Joy,2016,Benzin,Yarı Otomatik,38.000,136 hp,1499 cc,629000
BMW,3 Serisi,320i ED Standart,2014,Benzin,Otomatik,130.500,170 hp,1598 cc,520000
BMW,3 Serisi,316i Standart,2010,Benzin & LPG,Manuel,269.900,115 hp,1597 cc,265000
BMW,3 Serisi,320d Edition Comfort,2012,Dizel,Otomatik,235.000,184 hp,1995 cc,385900
BMW,3 Serisi,320i ED 40th Year Edition,2016,Benzin,Yarı Otomatik,128.000,170 hp,1598 cc,795000
BMW,3 Serisi,320i ED Modern Line,2014,Benzin,Otomatik,51.000,170 hp,1598 cc,625000
BMW,3 Serisi,320i First Edition Sport Line,2020,Benzin,Otomatik,19.000,170 hp,1597 cc,1125000
BMW,3 Serisi,320i ED 40th Year Edition,2015,Benzin,Yarı Otomatik,161.000,170 hp,1598 cc,624000
BMW,3 Serisi,316i M Sport,2014,Benzin,Yarı Otomatik,120.000,136 hp,1598 cc,549000
BMW,3 Serisi,318i M Joy Plus,2016,Benzin,Yarı Otomatik,62.000,136 hp,1499 cc,577500
BMW,3 Serisi,316i M Sport,2014,Benzin,Yarı Otomatik,126.000,136 hp,1598 cc,630000
BMW,3 Serisi,316i Comfort,2014,Benzin,Otomatik,150.000,136 hp,1598 cc,510000
BMW,3 Serisi,320d Comfort,2013,Dizel,Otomatik,94.000,176 - 200 HP,1801 - 2000 cm3,623500
BMW,3 Serisi,320i ED Joy,2016,Benzin,Yarı Otomatik,59.830,170 hp,1598 cc,621000
BMW,3 Serisi,320d Edition Comfort,2012,Dizel,Otomatik,143.000,184 hp,1995 cc,415000
BMW,3 Serisi,320i First Edition Luxury Line,2021,Benzin,Otomatik,0,170 hp,1597 cc,1285000
BMW,3 Serisi,328i M Sport,2012,Benzin,Otomatik,153.000,245 hp,1997 cc,775000
BMW,3 Serisi,316i Comfort,2012,Benzin,Otomatik,165.000,136 hp,1598 cc,435000
BMW,3 Serisi,320i ED Standart,2014,Benzin,Otomatik,140.000,170 hp,1598 cc,478500
BMW,3 Serisi,316i Luxury Line,2012,Benzin,Yarı Otomatik,258.000,136 hp,1598 cc,398000
BMW,3 Serisi,320i Cabrio,1997,Benzin & LPG,Manuel,180.000,150 hp,1991 cc,225000
BMW,3 Serisi,318i Standart,2016,Benzin,Otomatik,80.000,136 hp,1499 cc,609000
BMW,3 Serisi,320d xDrive Premium,2017,Dizel,Yarı Otomatik,149.000,190 hp,1995 cc,739750
BMW,3 Serisi,320d Sport Line,2013,Dizel,Otomatik,185.000,184 hp,1995 cc,586500
BMW,3 Serisi,320d Sport Line,2014,Dizel,Yarı Otomatik,165.000,184 hp,1995 cc,600000
BMW,3 Serisi,318i Standart,1993,Benzin & LPG,Manuel,3.000,115 hp,1796 cc,79000
BMW,3 Serisi,316i Standart,2004,Benzin,Manuel,210.000,115 hp,1596 cc,175000
BMW,3 Serisi,320d Touring,2001,Dizel,Manuel,298.341,150 hp,1995 cc,145000
BMW,3 Serisi,320i ED 40th Year Edition,2016,Benzin,Yarı Otomatik,101.000,151 - 175 HP,1301 - 1600 cm3,860000
BMW,3 Serisi,316i Standart,2001,Benzin & LPG,Manuel,325.000,105 hp,1595 cc,140000
BMW,3 Serisi,316i Premium,2009,Benzin & LPG,Manuel,198.000,122 hp,1597 cc,283000
BMW,3 Serisi,320d Standart,2003,Dizel,Otomatik,325.000,150 hp,1995 cc,205000
BMW,3 Serisi,320d M Sport,2011,Dizel,Otomatik,169.000,184 hp,1995 cc,335000
BMW,3 Serisi,320d Edition Comfort,2012,Dizel,Otomatik,110.226,184 hp,1995 cc,388000
BMW,3 Serisi,320d Modern Line,2014,Dizel,Yarı Otomatik,153.000,184 hp,1995 cc,595000
BMW,3 Serisi,320d Sport Line,2013,Dizel,Yarı Otomatik,185.000,184 hp,1995 cc,575000
BMW,3 Serisi,320i First Edition M Sport,2020,Benzin,Otomatik,6.000,170 hp,1597 cc,1099000
BMW,3 Serisi,318i Standart,2007,Benzin,Otomatik,113.000,129 hp,1995 cc,355000
BMW,3 Serisi,318i 40th Year Edition,2017,Benzin,Otomatik,80.000,136 hp,1499 cc,770000
BMW,3 Serisi,320i ED Luxury Line,2014,Benzin,Otomatik,99.000,170 hp,1598 cc,610000
BMW,3 Serisi,318i Edition M Sport,2018,Benzin,Otomatik,181.445,136 hp,1499 cc,636000
BMW,3 Serisi,320d xDrive M Sport,2010,Dizel,Otomatik,373.000,176 - 200 HP,1801 - 2000 cm3,335000
BMW,3 Serisi,316i Sport Line,2013,Benzin,Yarı Otomatik,132.000,136 hp,1598 cc,510000
BMW,3 Serisi,320i ED 40th Year Edition,2016,Benzin,Yarı Otomatik,78.000,170 hp,1598 cc,865000
BMW,3 Serisi,328i,1999,Benzin & LPG,Otomatik,190.000,193 hp,2793 cc,172000
BMW,3 Serisi,330Ci,2004,Benzin & LPG,Otomatik,260.000,231 hp,2979 cc,300000
BMW,3 Serisi,316i Standart,2011,Benzin,Otomatik,157.000,116 hp,1596 cc,380000
BMW,3 Serisi,320i First Edition Sport Line,2021,Benzin,Otomatik,12.500,170 hp,1597 cc,1150000
BMW,3 Serisi,316i Standart,2005,Benzin & LPG,Manuel,265.000,115 hp,1596 cc,148750
BMW,3 Serisi,320d Comfort,2011,Dizel,Yarı Otomatik,273.000,184 hp,1995 cc,370000
BMW,3 Serisi,318i Edition Sport Line,2017,Benzin,Otomatik,112.500,136 hp,1499 cc,628000
BMW,3 Serisi,320i ED Sport Line,2016,Benzin,Yarı Otomatik,117.000,170 hp,1598 cc,525000
BMW,3 Serisi,320i ED M Plus,2015,Benzin,Yarı Otomatik,83.000,170 hp,1598 cc,675000
BMW,3 Serisi,320i ED M Plus,2016,Benzin,Yarı Otomatik,225.000,170 hp,1598 cc,685000
BMW,3 Serisi,320i ED Standart,2015,Benzin,Otomatik,107.000,170 hp,1598 cc,494000
BMW,3 Serisi,320i ED Standart,2014,Benzin,Otomatik,180.000,170 hp,1598 cc,425000
BMW,3 Serisi,320i ED Sport Plus,2015,Benzin,Yarı Otomatik,98.000,170 hp,1598 cc,587500
BMW,3 Serisi,320d xDrive Modern Line,2013,Dizel,Otomatik,220.000,184 hp,1995 cc,495000
BMW,3 Serisi,316i M Sport,2014,Benzin,Yarı Otomatik,182.000,136 hp,1598 cc,515000
BMW,3 Serisi,320i ED Techno Plus,2014,Benzin,Otomatik,147.000,170 hp,1598 cc,510000
BMW,3 Serisi,320i First Edition Sport Line,2021,Benzin,Otomatik,30,170 hp,1597 cc,1245000
BMW,3 Serisi,320i ED Standart,2014,Benzin,Otomatik,219.000,170 hp,1598 cc,535000
BMW,3 Serisi,320i ED M Plus,2014,Benzin,Yarı Otomatik,64.000,170 hp,1598 cc,675000
BMW,3 Serisi,320i ED Joy,2016,Benzin,Yarı Otomatik,112.000,170 hp,1598 cc,599500
BMW,3 Serisi,320d Premium,2011,Dizel,Otomatik,143.700,177 hp,1995 cc,275000
BMW,3 Serisi,320d Edition Comfort,2011,Dizel,Otomatik,186.000,184 hp,1995 cc,259000
BMW,3 Serisi,320d xDrive Standart,2013,Dizel,Otomatik,169.000,184 hp,1995 cc,580000
BMW,3 Serisi,320d Techno Plus,2013,Dizel,Yarı Otomatik,131.000,184 hp,1995 cc,615000
BMW,3 Serisi,316i Standart,2004,Benzin & LPG,Manuel,249.900,115 hp,1596 cc,230500
BMW,3 Serisi,320i ED 40th Year Edition,2015,Benzin,Yarı Otomatik,104.000,170 hp,1598 cc,509000
BMW,3 Serisi,320i,1997,Benzin,Manuel,158.000,150 hp,1991 cc,215000
BMW,3 Serisi,320d Standart,2010,Dizel,Otomatik,120.000,184 hp,1995 cc,395000
BMW,3 Serisi,316i M Sport,2014,Benzin,Yarı Otomatik,136.850,136 hp,1598 cc,537000
BMW,3 Serisi,320i ED 40th Year Edition,2016,Benzin,Yarı Otomatik,97.000,170 hp,1598 cc,685000
BMW,3 Serisi,316i M Sport,2013,Benzin,Yarı Otomatik,200.000,136 hp,1598 cc,455000
BMW,3 Serisi,320i,2008,Benzin & LPG,Otomatik,219.000,170 hp,1995 cc,328750
BMW,3 Serisi,320d M Sport,2009,Dizel,Otomatik,178.000,177 hp,1995 cc,610000
BMW,3 Serisi,320i,2007,Benzin,Otomatik,147.000,150 hp,1995 cc,315000
BMW,3 Serisi,316i M Sport,2015,Benzin,Yarı Otomatik,60.000,136 hp,1598 cc,620000
BMW,3 Serisi,320d xDrive Sport Line,2013,Dizel,Yarı Otomatik,232.000,184 hp,1995 cc,485000
BMW,3 Serisi,320d Edition Comfort,2011,Dizel,Otomatik,252.000,184 hp,1995 cc,319500
BMW,3 Serisi,320i First Edition Luxury Line,2020,Benzin,Otomatik,21.000,170 hp,1597 cc,1245000
BMW,3 Serisi,320i ED 40th Year Edition,2015,Benzin,Yarı Otomatik,186.000,170 hp,1598 cc,615000
BMW,3 Serisi,320i,1997,Benzin,Manuel,375.869,150 hp,1991 cc,265000
BMW,3 Serisi,318i Standart,1992,Benzin & LPG,Manuel,248.000,113 hp,1796 cc,69750
BMW,3 Serisi,318is,1994,Benzin & LPG,Manuel,431.000,140 hp,1796 cc,137500
BMW,3 Serisi,320i,2008,Benzin,Otomatik,184.000,170 hp,1995 cc,320000
BMW,3 Serisi,320d xDrive Techno Plus,2013,Dizel,Yarı Otomatik,209.000,184 hp,1995 cc,455000
BMW,3 Serisi,316i Standart,1991,Benzin & LPG,Manuel,400.000,99 hp,1596 cc,85000
BMW,3 Serisi,320i ED Sport Line,2015,Benzin,Yarı Otomatik,65.000,170 hp,1598 cc,780000
BMW,3 Serisi,320i ED Sport Line,2014,Benzin,Yarı Otomatik,156.000,170 hp,1598 cc,605000
BMW,3 Serisi,320i ED Techno Plus,2015,Benzin,Otomatik,95.000,170 hp,1598 cc,595000
BMW,3 Serisi,316i Standart,1997,Benzin,Manuel,500.000,102 hp,1596 cc,118000
BMW,3 Serisi,316i Standart,1992,Benzin & LPG,Otomatik,237.000,99 hp,1596 cc,83000
BMW,3 Serisi,318i Standart,1991,Benzin & LPG,Manuel,213.000,113 hp,1796 cc,61000
BMW,3 Serisi,320d xDrive M Sport,2013,Dizel,Yarı Otomatik,240.000,184 hp,1995 cc,539000
BMW,3 Serisi,320d Premium Line,2018,Dizel,Otomatik,107.000,190 hp,1995 cc,750000
BMW,3 Serisi,320i,2013,Benzin,Otomatik,212.600,184 hp,1997 cc,442500
BMW,3 Serisi,318i Standart,2001,Benzin & LPG,Otomatik,222.000,143 hp,1995 cc,162000
BMW,3 Serisi,328i,1995,Benzin & LPG,Manuel,294.000,193 hp,2793 cc,144000
BMW,3 Serisi,316i M Sport,2014,Benzin,Yarı Otomatik,145.000,136 hp,1598 cc,480000
BMW,3 Serisi,320i ED Modern Line,2014,Benzin,Otomatik,59.300,151 - 175 HP,1301 - 1600 cm3,589000
BMW,3 Serisi,320i,1998,Benzin & LPG,Manuel,510,150 hp,1991 cc,110500
BMW,3 Serisi,320d Standart,2008,Dizel,Otomatik,230.000,177 hp,1995 cc,265000
BMW,3 Serisi,318i Standart,1988,Benzin,Manuel,287.000,113 hp,1796 cc,280750
BMW,3 Serisi,320i,2008,Benzin,Otomatik,160.000,170 hp,1995 cc,399000
BMW,3 Serisi,320i First Edition M Sport,2019,Benzin,Otomatik,62.000,170 hp,1597 cc,1080000
BMW,3 Serisi,320d Techno Plus,2013,Dizel,Yarı Otomatik,117.000,184 hp,1995 cc,593320
BMW,3 Serisi,320d xDrive Standart,2014,Dizel,Otomatik,194.000,184 hp,1995 cc,520000
BMW,3 Serisi,318i Standart,2004,Benzin & LPG,Manuel,307.000,143 hp,1995 cc,162500
BMW,3 Serisi,320i M Sport,2010,Benzin & LPG,Otomatik,10.000,176 - 200 HP,1801 - 2000 cm3,390000
BMW,3 Serisi,316i M Sport,2015,Benzin,Yarı Otomatik,142.000,136 hp,1598 cc,545000
BMW,3 Serisi,320i,2000,Benzin & LPG,Otomatik,263.000,170 hp,1991 cc,185000
BMW,3 Serisi,320d Standart,2013,Dizel,Otomatik,190.000,184 hp,1995 cc,510000
BMW,3 Serisi,320d xDrive Premium Line,2018,Dizel,Otomatik,145.000,190 hp,1995 cc,810000
BMW,3 Serisi,318i Standart,2007,Benzin & LPG,Otomatik,270.000,143 hp,1995 cc,218000
BMW,3 Serisi,320d Standart,2003,Dizel,Otomatik,340.000,150 hp,1995 cc,154000
BMW,3 Serisi,318Ci,2002,Benzin & LPG,Otomatik,275.000,126 - 150 HP,1801 - 2000 cm3,170000
BMW,3 Serisi,320i Cabrio,2011,Benzin,Otomatik,180.000,176 - 200 HP,1801 - 2000 cm3,679900
BMW,3 Serisi,318d Prestige,2017,Dizel,Otomatik,220.000,150 hp,1995 cc,589000
BMW,3 Serisi,318Ci,2005,Benzin,Otomatik,280.000,143 hp,1995 cc,220000
BMW,3 Serisi,320i ED 40th Year Edition,2015,Benzin,Yarı Otomatik,86.000,170 hp,1598 cc,695000
BMW,3 Serisi,320d Premium Line,2017,Dizel,Yarı Otomatik,142.000,176 - 200 HP,2001 - 2500 cm3,755750
BMW,3 Serisi,316ti Compact,2003,Benzin & LPG,Manuel,300.000,115 hp,1596 cc,115000
BMW,3 Serisi,320d Techno Plus,2014,Dizel,Yarı Otomatik,142.000,184 hp,1995 cc,558000
BMW,3 Serisi,320i First Edition M Sport,2021,Benzin,Otomatik,40.000,170 hp,1597 cc,1289000
BMW,3 Serisi,320i ED M Plus,2015,Benzin,Yarı Otomatik,140.000,170 hp,1598 cc,685000
BMW,3 Serisi,320i ED Modern Line,2014,Benzin,Otomatik,190.000,170 hp,1598 cc,595000
BMW,3 Serisi,320i,1994,Benzin,Manuel,268.000,150 hp,1991 cc,115000
BMW,3 Serisi,320i,1994,Benzin,Manuel,407.500,150 hp,1991 cc,130000
BMW,3 Serisi,316i Standart,2006,Benzin & LPG,Manuel,285.000,115 hp,1596 cc,210000
BMW,3 Serisi,325i Standart,1988,Benzin,Manuel,80.000,201 - 225 HP,2501 - 3000 cm3,135000
BMW,3 Serisi,318i Standart,2001,Benzin & LPG,Otomatik,362.000,143 hp,1995 cc,147000
BMW,3 Serisi,320i ED M Plus,2014,Benzin,Yarı Otomatik,111.000,170 hp,1598 cc,542500
BMW,3 Serisi,320d Edition Comfort,2012,Dizel,Otomatik,240.400,184 hp,1995 cc,499000
BMW,3 Serisi,320i ED Sport Plus,2015,Benzin,Yarı Otomatik,85.000,170 hp,1598 cc,695000
BMW,3 Serisi,320d Techno Plus,2015,Dizel,Yarı Otomatik,141.180,190 hp,1995 cc,685000
BMW,3 Serisi,318is,1997,Benzin & LPG,Manuel,280.000,140 hp,1796 cc,137500
BMW,3 Serisi,320d Sport Line,2015,Dizel,Yarı Otomatik,198.000,184 hp,1995 cc,619500
BMW,3 Serisi,320i ED Sport Line,2013,Benzin,Yarı Otomatik,185.000,170 hp,1598 cc,472500
BMW,3 Serisi,318d M Plus,2017,Dizel,Otomatik,87.000,150 hp,1995 cc,890000
BMW,3 Serisi,318i Touring,1994,Benzin,Manuel,350.000,113 hp,1796 cc,215000
BMW,3 Serisi,320d Edition Comfort,2012,Dizel,Otomatik,175.000,184 hp,1995 cc,465000
BMW,3 Serisi,320d Edition M Sport,2018,Dizel,Otomatik,50.164,190 hp,1995 cc,975000
BMW,3 Serisi,316i Standart,1995,Benzin & LPG,Manuel,308.000,102 hp,1596 cc,72950
BMW,3 Serisi,320i ED Sport Line,2016,Benzin,Yarı Otomatik,90.000,170 hp,1598 cc,644500
BMW,3 Serisi,318i M Joy Plus,2016,Benzin,Yarı Otomatik,130.000,136 hp,1499 cc,549500
BMW,3 Serisi,320i ED Standart,2015,Benzin,Otomatik,90.000,170 hp,1598 cc,585000
BMW,3 Serisi,320d Modern Line,2013,Dizel,Yarı Otomatik,259.000,184 hp,1995 cc,480000
BMW,3 Serisi,325i Standart,1992,Benzin & LPG,Manuel,380.000,192 hp,2494 cc,95000
BMW,3 Serisi,316i Standart,1997,Benzin & LPG,Manuel,197.000,102 hp,1596 cc,106000
BMW,3 Serisi,320d Standart,2001,Dizel,Otomatik,295.000,150 hp,1995 cc,152000
BMW,3 Serisi,316i Technology,2013,Benzin,Yarı Otomatik,191.000,136 hp,1598 cc,392500
BMW,3 Serisi,320d Techno Plus,2012,Dizel,Yarı Otomatik,243.000,184 hp,1995 cc,410000
BMW,3 Serisi,320d Standart,2010,Dizel,Otomatik,280.000,184 hp,1995 cc,305000
BMW,3 Serisi,320i Cabrio,1994,Benzin & LPG,Manuel,378.000,150 hp,1991 cc,202000
BMW,3 Serisi,320d Sport Line,2012,Dizel,Yarı Otomatik,188.000,184 hp,1995 cc,625000
BMW,3 Serisi,320d Standart,2011,Dizel,Otomatik,212.000,184 hp,1995 cc,325000
BMW,3 Serisi,320d M Sport,2010,Dizel,Otomatik,244.000,184 hp,1995 cc,335000
BMW,3 Serisi,318i Premium Line,2018,Benzin,Otomatik,35.500,136 hp,1499 cc,712000
BMW,3 Serisi,316i Standart,2010,Benzin,Otomatik,230.000,116 hp,1596 cc,286500
BMW,3 Serisi,316i Standart,1996,Benzin & LPG,Manuel,217.000,102 hp,1596 cc,120000
BMW,3 Serisi,318i M Joy Plus,2016,Benzin,Yarı Otomatik,115.232,136 hp,1499 cc,610000
BMW,3 Serisi,320i First Edition M Sport,2021,Benzin,Otomatik,19.000,170 hp,1597 cc,1301000
BMW,3 Serisi,320d Premium,2006,Dizel,Otomatik,425,163 hp,1995 cc,216500
BMW,3 Serisi,316i Premium,2009,Benzin & LPG,Manuel,339.000,122 hp,1597 cc,255000
BMW,3 Serisi,318i Standart,2004,Benzin & LPG,Otomatik,367.000,126 - 150 HP,1601 - 1800 cm3,189500
BMW,3 Serisi,316i Standart,2012,Benzin,Otomatik,218.000,136 hp,1598 cc,405000
BMW,3 Serisi,316i Standart,2007,Benzin & LPG,Manuel,271.000,115 hp,1596 cc,228000
BMW,3 Serisi,320d Premium,2006,Dizel,Otomatik,299.250,163 hp,1995 cc,252500
BMW,3 Serisi,320d Comfort,2013,Dizel,Otomatik,192.000,176 - 200 HP,1801 - 2000 cm3,495000
BMW,3 Serisi,316ti Compact,2002,Benzin,Manuel,156.000,115 hp,1596 cc,145000
BMW,3 Serisi,330Ci,2004,Benzin & LPG,Otomatik,262.000,231 hp,2979 cc,415000
BMW,3 Serisi,320i,1999,Benzin & LPG,Otomatik,328.000,150 hp,1991 cc,158000
BMW,3 Serisi,320i ED Luxury Line Plus,2014,Benzin,Yarı Otomatik,77.000,170 hp,1598 cc,675000
BMW,3 Serisi,320d Premium,2008,Dizel,Otomatik,240.000,177 hp,1995 cc,305300
BMW,3 Serisi,316i Standart,1991,Benzin & LPG,Manuel,75.000,99 hp,1596 cc,48500
BMW,3 Serisi,316i M Sport,2015,Benzin,Otomatik,129.000,126 - 150 HP,1801 - 2000 cm3,635750
BMW,3 Serisi,320i,1992,Benzin & LPG,Manuel,271.000,150 hp,1991 cc,91000
BMW,3 Serisi,320d xDrive Techno Plus,2016,Dizel,Yarı Otomatik,174.000,190 hp,1995 cc,688000
BMW,3 Serisi,320i,1993,Benzin,Manuel,262.476,150 hp,1991 cc,135000
BMW,3 Serisi,320i,2011,Benzin,Otomatik,135.000,156 hp,1995 cc,515000
BMW,3 Serisi,320i ED Standart,2014,Benzin,Otomatik,249.000,170 hp,1598 cc,459000
BMW,3 Serisi,320d Comfort,2012,Dizel,Yarı Otomatik,150.000,184 hp,1995 cc,520000
BMW,3 Serisi,320d Premium,2008,Dizel,Yarı Otomatik,275.000,177 hp,1995 cc,308000
BMW,3 Serisi,316i Standart,2006,Benzin,Manuel,200.000,115 hp,1596 cc,280000
BMW,3 Serisi,316i Technology,2013,Benzin,Yarı Otomatik,160.000,136 hp,1598 cc,485000
BMW,3 Serisi,320Ci,2001,Benzin & LPG,Otomatik,267.000,150 hp,1991 cc,225000
BMW,3 Serisi,318i Prestige,2015,Benzin,Yarı Otomatik,99.500,136 hp,1499 cc,560000
BMW,3 Serisi,320d Edition Comfort,2011,Dizel,Otomatik,118.000,184 hp,1995 cc,395000
BMW,3 Serisi,320i First Edition M Sport,2019,Benzin,Otomatik,32.000,170 hp,1597 cc,1090000
BMW,3 Serisi,320i ED M Plus,2014,Benzin,Yarı Otomatik,123.000,170 hp,1598 cc,595000
BMW,3 Serisi,316i Modern Line,2013,Benzin,Yarı Otomatik,107.000,136 hp,1598 cc,483000
BMW,3 Serisi,320d Technology,2015,Dizel,Yarı Otomatik,153.000,184 hp,1995 cc,650000
BMW,3 Serisi,320i First Edition Sport Line,2021,Benzin,Otomatik,50,170 hp,1597 cc,1228000
BMW,3 Serisi,320i First Edition Sport Line,2021,Benzin,Otomatik,0,170 hp,1597 cc,1225000
BMW,3 Serisi,316i Standart,2011,Benzin,Otomatik,206.000,116 hp,1596 cc,283500
BMW,3 Serisi,320d xDrive Standart,2013,Dizel,Otomatik,174.000,184 hp,1995 cc,557000
BMW,3 Serisi,320d Sport Line,2012,Dizel,Yarı Otomatik,186.000,184 hp,1995 cc,620000
BMW,3 Serisi,320i ED Sport Line,2016,Benzin,Yarı Otomatik,110.000,170 hp,1598 cc,560000
BMW,3 Serisi,325i Standart,1994,Benzin & LPG,Manuel,251.000,192 hp,2494 cc,139900
BMW,3 Serisi,320d Standart,2010,Dizel,Otomatik,321.000,177 hp,1995 cc,297500
BMW,3 Serisi,320d Edition Comfort,2012,Dizel,Otomatik,281.000,184 hp,1995 cc,340000
BMW,3 Serisi,320i First Edition Sport Line,2021,Benzin,Otomatik,0,170 hp,1597 cc,1.225.000
BMW,3 Serisi,316i Standart,2011,Benzin,Otomatik,206.000,116 hp,1596 cc,283.500
BMW,3 Serisi,320d xDrive Standart,2013,Dizel,Otomatik,174.000,184 hp,1995 cc,557.000
BMW,3 Serisi,320d Sport Line,2012,Dizel,Yarı Otomatik,186.000,184 hp,1995 cc,620.000
BMW,3 Serisi,320i ED Sport Line,2016,Benzin,Yarı Otomatik,110.000,170 hp,1598 cc,560.000
BMW,3 Serisi,325i Standart,1994,Benzin & LPG,Manuel,251.000,192 hp,2494 cc,139.900
BMW,3 Serisi,320d Standart,2010,Dizel,Otomatik,321.000,177 hp,1995 cc,297.500
BMW,3 Serisi,320d Edition Comfort,2012,Dizel,Otomatik,281.000,184 hp,1995 cc,340.000
BMW,3 Serisi,320i,2001,Benzin & LPG,Manuel,265.000,170 hp,2171 cc,175.000
BMW,3 Serisi,320i Sport Line,2021,Benzin,Yarı Otomatik,19.771,151 - 175 HP,1301 - 1600 cm3,1.125.000
BMW,3 Serisi,320i First Edition M Sport,2022,Benzin,Otomatik,0,170 hp,1597 cc,1.360.000
BMW,3 Serisi,320i ED Edition,2015,Benzin,Otomatik,150.000,170 hp,1598 cc,592.500
BMW,3 Serisi,320i First Edition Sport Line,2020,Benzin,Otomatik,12.500,170 hp,1597 cc,1.090.000
BMW,3 Serisi,320i ED Luxury Line Plus,2014,Benzin,Yarı Otomatik,103.000,170 hp,1598 cc,580.000
BMW,3 Serisi,320d Techno Plus,2014,Dizel,Yarı Otomatik,202.000,184 hp,1995 cc,415.000
BMW,3 Serisi,320i Cabrio,1994,Benzin & LPG,Manuel,315.000,150 hp,1991 cc,245.000
BMW,3 Serisi,320i First Edition Luxury Line,2021,Benzin,Otomatik,8.400,170 hp,1597 cc,1.185.000
BMW,3 Serisi,320d Premium,2006,Dizel,Otomatik,343.255,163 hp,1995 cc,260.000
BMW,3 Serisi,318ti Compact,1997,Benzin & LPG,Manuel,303.000,140 hp,1895 cc,100.000
BMW,3 Serisi,320i First Edition M Sport,2022,Benzin,Otomatik,50,170 hp,1597 cc,1.359.000
BMW,3 Serisi,320d Premium,2012,Dizel,Yarı Otomatik,200.000,184 hp,1995 cc,400.000
BMW,3 Serisi,320i First Edition M Sport,2020,Benzin,Otomatik,46.000,170 hp,1597 cc,1.125.000
BMW,3 Serisi,318i Standart,2007,Benzin,Otomatik,210.000,143 hp,1995 cc,267.000
BMW,3 Serisi,320d Techno Plus,2015,Dizel,Yarı Otomatik,134.000,184 hp,1995 cc,649.950
BMW,3 Serisi,318i Edition M Sport,2017,Benzin,Otomatik,68.000,136 hp,1499 cc,730.000
BMW,3 Serisi,316i Techno Plus,2015,Benzin,Otomatik,142.500,136 hp,1598 cc,535.000
BMW,3 Serisi,316i Standart,2008,Benzin & LPG,Manuel,245.000,122 hp,1597 cc,185.000
BMW,3 Serisi,316i Standart,2008,Benzin & LPG,Manuel,340.000,115 hp,1597 cc,215.000
BMW,3 Serisi,316i Technology,2012,Benzin,Yarı Otomatik,210.000,136 hp,1598 cc,470.000
BMW,3 Serisi,320d xDrive Modern Line,2013,Dizel,Otomatik,205.000,184 hp,1995 cc,590.000
BMW,3 Serisi,320i ED Luxury Line Plus,2016,Benzin,Yarı Otomatik,104.000,170 hp,1598 cc,665.000
BMW,3 Serisi,320i ED Standart,2015,Benzin,Otomatik,108.000,170 hp,1598 cc,587.000
BMW,3 Serisi,316i Premium,2009,Benzin,Manuel,104.000,122 hp,1597 cc,345.000
BMW,3 Serisi,320d M Sport,2007,Dizel,Otomatik,250.000,177 hp,1995 cc,345.000
BMW,3 Serisi,320i ED Standart,2016,Benzin,Otomatik,102.000,170 hp,1598 cc,579.000
BMW,3 Serisi,316i Techno Plus,2015,Benzin,Otomatik,61.000,136 hp,1598 cc,598.000
BMW,3 Serisi,320i ED 40th Year Edition,2016,Benzin,Yarı Otomatik,93.000,170 hp,1598 cc,748.000
BMW,3 Serisi,320i,2000,Benzin & LPG,Manuel,380.000,170 hp,1991 cc,160.000
BMW,3 Serisi,316i M Sport,2015,Benzin,Yarı Otomatik,164.500,136 hp,1598 cc,548.500
BMW,3 Serisi,320i,1994,Benzin & LPG,Manuel,197.000,150 hp,1991 cc,110.999
BMW,3 Serisi,320d Premium,2010,Dizel,Otomatik,233.000,177 hp,1995 cc,322.000
BMW,3 Serisi,316i M Sport,2012,Benzin,Otomatik,214.000,126 - 150 HP,1301 - 1600 cm3,432.000
BMW,3 Serisi,320d xDrive Comfort,2011,Dizel,Otomatik,207.000,184 hp,1995 cc,368.750
BMW,3 Serisi,318i Edition Sport Line,2017,Benzin,Otomatik,109.000,136 hp,1499 cc,603.500
BMW,3 Serisi,320d Comfort,2010,Dizel,Yarı Otomatik,170.000,177 hp,1995 cc,368.000
BMW,3 Serisi,320i ED Sport Line,2016,Benzin,Yarı Otomatik,132.000,170 hp,1598 cc,450.500
BMW,3 Serisi,320i ED Sport Line,2016,Benzin,Yarı Otomatik,132.000,170 hp,1598 cc,450.500
BMW,3 Serisi,320i ED Sport Line,2016,Benzin,Yarı Otomatik,132.000,170 hp,1598 cc,450.500
BMW,3 Serisi,320i ED Standart,2014,Benzin,Otomatik,52.250,170 hp,1598 cc,650.000
BMW,3 Serisi,316i M Sport,2014,Benzin,Yarı Otomatik,205.000,136 hp,1598 cc,512.000
BMW,3 Serisi,320i Premium,2010,Benzin,Otomatik,126.000,151 - 175 HP,1801 - 2000 cm3,455.000
BMW,3 Serisi,320d Comfort,2012,Dizel,Yarı Otomatik,167.000,184 hp,1995 cc,335.000
BMW,3 Serisi,318Ci,2001,Benzin,Yarı Otomatik,250.000,126 - 150 HP,1601 - 1800 cm3,175.000
BMW,3 Serisi,320i ED 40th Year Edition,2016,Benzin,Yarı Otomatik,156.000,170 hp,1598 cc,550.000
BMW,3 Serisi,320i First Edition M Sport,2020,Benzin,Otomatik,18.560,170 hp,1597 cc,1.225.950
BMW,3 Serisi,318i Edition M Sport,2018,Benzin,Otomatik,20.000,136 hp,1499 cc,825.000
BMW,3 Serisi,316i Techno Plus,2012,Benzin,Otomatik,127.000,136 hp,1598 cc,445.000
BMW,3 Serisi,320i ED Luxury Line,2016,Benzin,Otomatik,69.000,170 hp,1598 cc,675.000
BMW,3 Serisi,320i ED 40th Year Edition,2016,Benzin,Yarı Otomatik,61.000,170 hp,1598 cc,809.750
BMW,3 Serisi,320d Techno Plus,2013,Dizel,Yarı Otomatik,182.000,184 hp,1995 cc,520.000
BMW,3 Serisi,320d Techno Plus,2013,Dizel,Otomatik,225.000,226 - 250 HP,1801 - 2000 cm3,525.000
BMW,3 Serisi,320i ED Luxury Line Plus,2013,Benzin,Yarı Otomatik,215.000,176 - 200 HP,1801 - 2000 cm3,477.750
BMW,3 Serisi,320i First Edition M Sport,2022,Benzin,Otomatik,0,170 hp,1597 cc,1.395.000
BMW,3 Serisi,320i,2010,Benzin,Otomatik,112.000,156 hp,1995 cc,429.500
BMW,3 Serisi,320i ED Sport Line,2016,Benzin,Yarı Otomatik,94.000,170 hp,1598 cc,690.000
BMW,3 Serisi,320i ED M Plus,2014,Benzin,Yarı Otomatik,99.900,170 hp,1598 cc,621.500
BMW,3 Serisi,320d Premium,2011,Dizel,Otomatik,209.000,176 - 200 HP,1801 - 2000 cm3,374.000
BMW,3 Serisi,320i ED M Sport,2013,Benzin,Otomatik,160.000,176 - 200 HP,1601 - 1800 cm3,569.000
BMW,3 Serisi,320i ED Sport Line,2013,Benzin,Yarı Otomatik,147.000,170 hp,1598 cc,569.000
BMW,3 Serisi,316ti Compact,2002,Benzin & LPG,Manuel,285.000,115 hp,1596 cc,134.500
BMW,3 Serisi,320d Edition Comfort,2011,Dizel,Otomatik,255.000,184 hp,1995 cc,332.500
BMW,3 Serisi,320d Techno Plus,2014,Dizel,Yarı Otomatik,230.000,184 hp,1995 cc,494.000
BMW,3 Serisi,320i ED Sport Line,2016,Benzin,Yarı Otomatik,99.000,170 hp,1598 cc,630.000
BMW,3 Serisi,316i Comfort,2012,Benzin,Otomatik,275.000,136 hp,1598 cc,371.500
BMW,3 Serisi,320i ED Standart,2013,Benzin,Otomatik,167.000,184 hp,1997 cc,394.000
BMW,3 Serisi,320i ED 40th Year Edition,2016,Benzin,Yarı Otomatik,70.000,170 hp,1598 cc,860.000
BMW,3 Serisi,320i ED Techno Plus,2014,Benzin,Otomatik,190.000,170 hp,1598 cc,477.900
BMW,3 Serisi,318i M Joy,2015,Benzin,Otomatik,112.000,126 - 150 HP,1301 - 1600 cm3,650.000
BMW,3 Serisi,320i ED 40th Year Edition,2015,Benzin,Yarı Otomatik,146.000,170 hp,1598 cc,673.000
BMW,3 Serisi,320d M Sport,2012,Dizel,Yarı Otomatik,208.000,184 hp,1995 cc,549.000
BMW,3 Serisi,320i ED Sport Line,2016,Benzin,Yarı Otomatik,69.964,170 hp,1598 cc,718.000
BMW,3 Serisi,320i ED Sport Line,2013,Benzin,Yarı Otomatik,118.000,170 hp,1598 cc,560.000
BMW,3 Serisi,320d xDrive Edition M Sport,2018,Dizel,Otomatik,85.000,190 hp,1995 cc,1.030.000
BMW,3 Serisi,320d M Sport,2014,Dizel,Otomatik,191.000,126 - 150 HP,1801 - 2000 cm3,625.000
BMW,3 Serisi,320d Comfort,2011,Dizel,Yarı Otomatik,220.000,184 hp,1995 cc,355.000
BMW,3 Serisi,316i M Sport,2013,Benzin,Yarı Otomatik,245.000,136 hp,1598 cc,397.500
BMW,3 Serisi,325i Standart,1990,Benzin,Manuel,313.000,192 hp,2494 cc,315.000
BMW,3 Serisi,320d xDrive Premium Line,2018,Dizel,Otomatik,53.000,190 hp,1995 cc,910.000
BMW,3 Serisi,320i ED 40th Year Edition,2015,Benzin,Yarı Otomatik,124.000,170 hp,1598 cc,670.000
BMW,3 Serisi,320d M Sport,2011,Dizel,Otomatik,167.000,184 hp,1995 cc,399.000
BMW,3 Serisi,320d Techno Plus,2016,Dizel,Yarı Otomatik,70.000,176 - 200 HP,1801 - 2000 cm3,826.000
BMW,3 Serisi,318i Sport Plus,2017,Benzin,Otomatik,100.000,136 hp,1499 cc,640.000
BMW,3 Serisi,318i Premium Line,2017,Benzin,Otomatik,67.300,136 hp,1499 cc,675.000
BMW,3 Serisi,316Ci,2004,Benzin,Manuel,155.000,115 hp,1596 cc,235.000
BMW,3 Serisi,320d xDrive GT Sport Line,2014,Dizel,Yarı Otomatik,133.000,184 hp,1995 cc,685.000
BMW,3 Serisi,320i ED M Plus,2016,Benzin,Yarı Otomatik,110.000,170 hp,1598 cc,725.000
BMW,3 Serisi,316i Luxury Line,2012,Benzin,Yarı Otomatik,128.000,136 hp,1598 cc,472.000
BMW,3 Serisi,316i Standart,1996,Benzin & LPG,Manuel,330.000,102 hp,1596 cc,98.000
BMW,3 Serisi,320i ED Techno Plus,2014,Benzin,Otomatik,195.000,170 hp,1598 cc,550.000
BMW,3 Serisi,316i Luxury Line,2013,Benzin,Yarı Otomatik,109.000,136 hp,1598 cc,470.000
BMW,3 Serisi,318i Edition M Sport,2018,Benzin,Otomatik,75.552,136 hp,1499 cc,735.000
BMW,3 Serisi,315,1984,Benzin,Manuel,240.000,76 - 100 HP,1301 - 1600 cm3,175.000
BMW,3 Serisi,320d Edition M Sport,2018,Dizel,Otomatik,120.000,190 hp,1995 cc,729.950
BMW,3 Serisi,316i Sport Line,2012,Benzin,Yarı Otomatik,79.000,136 hp,1598 cc,449.750
BMW,3 Serisi,320i First Edition Sport Line,2021,Benzin,Otomatik,16.000,170 hp,1597 cc,1.159.000
BMW,3 Serisi,320i ED Sport Plus,2016,Benzin,Yarı Otomatik,106.000,170 hp,1598 cc,612.000
BMW,3 Serisi,320d M Sport,2012,Dizel,Otomatik,180.000,184 hp,1995 cc,455.000
BMW,3 Serisi,320i First Edition M Sport,2021,Benzin,Otomatik,3.000,176 - 200 HP,1601 - 1800 cm3,1.325.000
BMW,3 Serisi,318i Premium Line,2018,Benzin,Otomatik,59.000,136 hp,1499 cc,629.000
BMW,3 Serisi,320i ED Sport Line,2013,Benzin,Yarı Otomatik,160,170 hp,1598 cc,569.000
BMW,3 Serisi,316i M Sport,2014,Benzin,Yarı Otomatik,250.000,136 hp,1598 cc,560.000
BMW,3 Serisi,320i ED 40th Year Edition,2015,Benzin,Yarı Otomatik,229.500,170 hp,1598 cc,605.000
BMW,3 Serisi,320i ED Luxury M Plus,2013,Benzin,Otomatik,175.000,170 hp,1598 cc,473.000
BMW,3 Serisi,320i ED M Plus,2015,Benzin,Yarı Otomatik,142.000,170 hp,1598 cc,574.500
BMW,3 Serisi,316i M Sport,2015,Benzin,Yarı Otomatik,150.000,136 hp,1598 cc,548.000
BMW,3 Serisi,320d Techno Plus,2012,Dizel,Yarı Otomatik,248.000,184 hp,1995 cc,529.000
BMW,3 Serisi,320d M Sport,2012,Dizel,Yarı Otomatik,130.000,184 hp,1995 cc,805.000
BMW,3 Serisi,320i ED Luxury Line,2015,Benzin,Yarı Otomatik,181.000,170 hp,1598 cc,548.000
BMW,3 Serisi,316i Standart,2009,Benzin & LPG,Manuel,390.000,115 hp,1597 cc,208.500
BMW,3 Serisi,320d Techno Plus,2016,Dizel,Yarı Otomatik,137.000,190 hp,1995 cc,619.000
BMW,3 Serisi,320d Premium Line,2018,Dizel,Otomatik,48.000,190 hp,1995 cc,720.000
BMW,3 Serisi,320Ci,2003,Benzin & LPG,Otomatik,310.000,170 hp,2171 cc,307.499
BMW,3 Serisi,320d Premium,2008,Dizel,Otomatik,297.000,177 hp,1995 cc,262.000
BMW,3 Serisi,318i Standart,2004,Benzin & LPG,Otomatik,304.000,143 hp,1995 cc,195.000
BMW,3 Serisi,316i Standart,1994,Benzin & LPG,Manuel,335.000,99 hp,1596 cc,89.950
BMW,3 Serisi,318i Sport Plus,2017,Benzin,Otomatik,84.000,136 hp,1499 cc,675.000
BMW,3 Serisi,320d Technology,2012,Dizel,Yarı Otomatik,213.000,184 hp,1995 cc,439.750
BMW,3 Serisi,320d Sport Line,2012,Dizel,Yarı Otomatik,200.000,184 hp,1995 cc,472.500
BMW,3 Serisi,320i,2008,Benzin & LPG,Otomatik,308.000,170 hp,1995 cc,232.750
BMW,3 Serisi,320d Edition M Sport,2017,Dizel,Otomatik,128.000,190 hp,1995 cc,840.000
BMW,3 Serisi,316i Premium,2008,Benzin & LPG,Manuel,340.000,122 hp,1597 cc,255.000
BMW,3 Serisi,316i Comfort,2012,Benzin,Otomatik,118.000,101 - 125 HP,1301 - 1600 cm3,395.000
BMW,3 Serisi,316i Standart,1989,Benzin & LPG,Manuel,202.800,101 - 125 HP,1301 - 1600 cm3,105.000
BMW,3 Serisi,316i Premium,2008,Benzin & LPG,Manuel,228.000,122 hp,1597 cc,249.000
BMW,3 Serisi,320i ED Modern Line Plus,2014,Benzin,Otomatik,150.000,170 hp,1598 cc,560.000
BMW,3 Serisi,320i ED Sport Line,2015,Benzin,Yarı Otomatik,132.000,170 hp,1598 cc,487.000
BMW,3 Serisi,320d Edition Comfort,2012,Dizel,Otomatik,243.000,184 hp,1995 cc,335.000
BMW,3 Serisi,320i ED Sport Line,2016,Benzin,Yarı Otomatik,128.000,170 hp,1598 cc,600.000
BMW,3 Serisi,320i ED Luxury M Plus,2016,Benzin,Otomatik,92.500,170 hp,1598 cc,635.000
BMW,3 Serisi,320d Techno Plus,2016,Dizel,Yarı Otomatik,175.000,190 hp,1995 cc,630.000
BMW,3 Serisi,320i First Edition M Sport,2022,Benzin,Otomatik,1.230,151 - 175 HP,1301 - 1600 cm3,1.485.000
BMW,3 Serisi,320i ED 40th Year Edition,2015,Benzin,Yarı Otomatik,93.000,170 hp,1598 cc,749.000
BMW,3 Serisi,320i ED Modern Line,2013,Benzin,Otomatik,147.000,170 hp,1598 cc,525.000
BMW,3 Serisi,320d M Sport,2012,Dizel,Otomatik,260.000,184 hp,1995 cc,385.000
BMW,3 Serisi,316i Premium,2011,Benzin & LPG,Yarı Otomatik,179.000,101 - 125 HP,1301 - 1600 cm3,305.000
BMW,3 Serisi,316i Sport Line,2014,Benzin,Yarı Otomatik,119.000,136 hp,1598 cc,535.000
BMW,3 Serisi,320d M Sport,2012,Dizel,Otomatik,188.000,184 hp,1995 cc,435.000
BMW,3 Serisi,320i First Edition M Sport,2021,Benzin,Otomatik,6.000,170 hp,1597 cc,1.287.000
BMW,3 Serisi,320d xDrive Standart,2014,Dizel,Otomatik,176.000,184 hp,1995 cc,540.000
BMW,3 Serisi,320i ED Edition,2016,Benzin,Otomatik,162.000,170 hp,1598 cc,695.000
BMW,3 Serisi,320i,1999,Benzin & LPG,Otomatik,290.000,150 hp,1991 cc,182.000
BMW,3 Serisi,320d M Sport,2011,Dizel,Otomatik,375.000,184 hp,1995 cc,375.000
BMW,3 Serisi,320d M Sport,2011,Dizel,Otomatik,230.000,184 hp,1995 cc,385.000
BMW,3 Serisi,320d Premium Line,2018,Dizel,Otomatik,38.000,190 hp,1995 cc,1.050.000
BMW,3 Serisi,320i Cabrio,2010,Benzin,Yarı Otomatik,185.250,151 - 175 HP,1801 - 2000 cm3,750.000
BMW,3 Serisi,320d M Sport,2016,Dizel,Yarı Otomatik,94.000,190 hp,1995 cc,645.000
BMW,3 Serisi,320i ED Sport Line,2014,Benzin,Yarı Otomatik,190.000,170 hp,1598 cc,496.000
BMW,3 Serisi,320i First Edition M Sport,2021,Benzin,Otomatik,3.000,170 hp,1597 cc,1.525.000
BMW,3 Serisi,320d Premium,2008,Dizel,Otomatik,291.000,177 hp,1995 cc,262.500
BMW,3 Serisi,318i Standart,1993,Benzin & LPG,Manuel,498.000,115 hp,1796 cc,76.500
BMW,3 Serisi,318i Prestige,2017,Benzin,Yarı Otomatik,103.000,136 hp,1499 cc,698.500
BMW,3 Serisi,320i ED Modern Line,2013,Benzin,Otomatik,85.000,170 hp,1598 cc,552.500
BMW,3 Serisi,320d Standart,2013,Dizel,Otomatik,202.000,184 hp,1995 cc,480.000
BMW,3 Serisi,320i,1994,Benzin & LPG,Otomatik,330.000,150 hp,1991 cc,101.900
BMW,3 Serisi,316i M Sport,2013,Benzin,Otomatik,77.000,126 - 150 HP,1301 - 1600 cm3,600.000
BMW,3 Serisi,318i Prestige,2017,Benzin,Yarı Otomatik,67.000,136 hp,1499 cc,684.000
BMW,3 Serisi,320i,1998,Benzin & LPG,Otomatik,302.000,150 hp,1991 cc,185.000
BMW,3 Serisi,316i Comfort,2011,Benzin,Otomatik,232.000,101 - 125 HP,1301 - 1600 cm3,268.850
BMW,3 Serisi,320d Prestige,2017,Dizel,Yarı Otomatik,85.000,190 hp,1995 cc,925.000
BMW,3 Serisi,320i First Edition M Sport,2022,Benzin,Otomatik,0,170 hp,1597 cc,1.375.000
BMW,3 Serisi,320i ED 40th Year Edition,2016,Benzin,Yarı Otomatik,65.000,170 hp,1598 cc,820.000
BMW,3 Serisi,316i Standart,1996,Benzin & LPG,Otomatik,420.000,102 hp,1596 cc,103.500
BMW,3 Serisi,318i Standart,2007,Benzin & LPG,Otomatik,258.000,129 hp,1995 cc,299.000
BMW,3 Serisi,320d xDrive GT Sport Line,2014,Dizel,Otomatik,159.000,176 - 200 HP,1801 - 2000 cm3,645.000
BMW,3 Serisi,320d Premium,2008,Dizel,Otomatik,145.000,177 hp,1995 cc,365.000
BMW,3 Serisi,320d Edition M Sport,2018,Dizel,Otomatik,33.000,190 hp,1995 cc,925.000
BMW,3 Serisi,320i First Edition M Sport,2019,Benzin,Otomatik,9.000,170 hp,1597 cc,1.100.000
BMW,3 Serisi,316i M Sport,2013,Benzin,Yarı Otomatik,115.000,136 hp,1598 cc,590.000
BMW,3 Serisi,320i,2008,Benzin,Otomatik,237.000,170 hp,1995 cc,296.000
BMW,3 Serisi,320i ED M Plus,2015,Benzin,Yarı Otomatik,137.300,170 hp,1598 cc,565.000
BMW,3 Serisi,316i Sport Line,2012,Benzin,Yarı Otomatik,158.000,136 hp,1598 cc,485.000
BMW,3 Serisi,320i ED Luxury Line Plus,2014,Benzin,Yarı Otomatik,98.000,170 hp,1598 cc,610.000
BMW,3 Serisi,320i ED 40th Year Edition,2016,Benzin,Yarı Otomatik,118.000,170 hp,1598 cc,715.000
BMW,3 Serisi,320i,2012,Benzin,Otomatik,225.000,184 hp,1997 cc,435.000
BMW,3 Serisi,320d xDrive Premium,2014,Dizel,Yarı Otomatik,298.000,184 hp,1995 cc,480.000
BMW,3 Serisi,318d M Plus,2017,Dizel,Otomatik,147.000,150 hp,1995 cc,685.000
BMW,3 Serisi,320i Executive M Sport,2021,Benzin,Yarı Otomatik,0,151 - 175 HP,1301 - 1600 cm3,1.375.000
BMW,3 Serisi,316i Luxury Line,2013,Benzin,Yarı Otomatik,140.000,136 hp,1598 cc,548.000
BMW,3 Serisi,316i Sport Line,2012,Benzin,Yarı Otomatik,191.900,136 hp,1598 cc,430.000
BMW,3 Serisi,316i Standart,2005,Benzin,Manuel,147.000,115 hp,1596 cc,201.750
BMW,3 Serisi,320i ED Techno Plus,2013,Benzin,Otomatik,79.000,170 hp,1598 cc,515.000
BMW,3 Serisi,320d Edition Comfort,2011,Dizel,Otomatik,268.000,184 hp,1995 cc,330.000
BMW,3 Serisi,320d Technology,2013,Dizel,Yarı Otomatik,154.000,184 hp,1995 cc,509.000
BMW,3 Serisi,320d M Sport,2013,Dizel,Yarı Otomatik,195.500,184 hp,1995 cc,635.000
BMW,3 Serisi,320d Sport Line,2012,Dizel,Yarı Otomatik,209.000,184 hp,1995 cc,475.000
BMW,3 Serisi,318i Edition M Sport,2018,Benzin,Otomatik,28.169,126 - 150 HP,1301 - 1600 cm3,699.750
BMW,3 Serisi,320i Cabrio,2009,Benzin,Otomatik,99.000,170 hp,1995 cc,670.000
BMW,3 Serisi,318i Standart,2001,Benzin & LPG,Manuel,399.000,118 hp,1895 cc,155.000
BMW,3 Serisi,320i ED 40th Year Edition,2015,Benzin,Yarı Otomatik,162.000,170 hp,1598 cc,635.000
BMW,3 Serisi,328i,1997,Benzin,Manuel,185.000,193 hp,2793 cc,400.000
BMW,3 Serisi,316i M Sport,2012,Benzin & LPG,Otomatik,130.760,116 hp,1596 cc,408.750
BMW,3 Serisi,320d Premium,2005,Dizel,Otomatik,278.944,163 hp,1995 cc,207.500
BMW,3 Serisi,320i,1999,Benzin & LPG,Otomatik,230.000,150 hp,1991 cc,159.999
BMW,3 Serisi,318Ci,2001,Benzin & LPG,Manuel,230.000,118 hp,1895 cc,185.000
BMW,3 Serisi,320i First Edition Luxury Line,2019,Benzin,Otomatik,53.969,170 hp,1597 cc,1.019.000
BMW,3 Serisi,320i ED Sport Line,2014,Benzin,Yarı Otomatik,119.000,170 hp,1598 cc,632.900
BMW,3 Serisi,320i First Edition Luxury Line,2019,Benzin,Otomatik,52.000,170 hp,1597 cc,1.059.000
BMW,3 Serisi,316i Standart,1997,Benzin & LPG,Manuel,327.000,102 hp,1596 cc,85.500
BMW,3 Serisi,320d Standart,2014,Dizel,Otomatik,252.000,184 hp,1995 cc,460.000
BMW,3 Serisi,320i ED 40th Year Edition,2016,Benzin,Yarı Otomatik,99.850,170 hp,1598 cc,677.000
BMW,3 Serisi,320i ED Techno Plus,2014,Benzin,Yarı Otomatik,141.000,151 - 175 HP,1601 - 1800 cm3,505.000
BMW,3 Serisi,320i,1996,Benzin & LPG,Manuel,333.000,150 hp,1991 cc,100.000
BMW,3 Serisi,320i ED Sport Line,2015,Benzin,Yarı Otomatik,101.000,170 hp,1598 cc,638.000
BMW,3 Serisi,320d Modern Line,2012,Dizel,Yarı Otomatik,170.000,184 hp,1995 cc,500.000
BMW,3 Serisi,316i Premium,2009,Benzin & LPG,Manuel,299.999,122 hp,1597 cc,298.000
BMW,3 Serisi,320i,1999,Benzin & LPG,Otomatik,320.000,150 hp,1991 cc,182.000
BMW,3 Serisi,316i M Sport,2013,Benzin,Yarı Otomatik,157.500,136 hp,1598 cc,605.000
BMW,3 Serisi,320d Standart,2010,Dizel,Otomatik,111.300,184 hp,1995 cc,298.000
BMW,3 Serisi,320i ED Sport Line,2016,Benzin,Yarı Otomatik,150.000,170 hp,1598 cc,585.000
BMW,3 Serisi,316i Comfort,2012,Benzin,Otomatik,97.000,136 hp,1598 cc,523.000
BMW,3 Serisi,316i Comfort,2012,Benzin,Otomatik,134.000,136 hp,1598 cc,375.000
BMW,3 Serisi,318i M Joy Plus,2015,Benzin,Yarı Otomatik,122.000,136 hp,1499 cc,535.000
BMW,3 Serisi,320d Premium,2006,Dizel,Otomatik,329.000,163 hp,1995 cc,209.000
BMW,3 Serisi,318i Standart,2016,Benzin,Otomatik,160.000,136 hp,1499 cc,475.000
BMW,3 Serisi,320d M Sport,2010,Dizel,Yarı Otomatik,227.000,177 hp,1995 cc,270.000
BMW,3 Serisi,320i ED Sport Line,2014,Benzin,Yarı Otomatik,145.000,170 hp,1598 cc,580.000
BMW,3 Serisi,318i M Joy,2015,Benzin,Otomatik,81.000,126 - 150 HP,3001 - 3500 cm3,634.500
BMW,3 Serisi,318i Standart,2007,Benzin & LPG,Otomatik,257.000,143 hp,1995 cc,230.000
BMW,3 Serisi,320i ED Modern Line,2014,Benzin,Otomatik,141.000,170 hp,1598 cc,525.000
BMW,3 Serisi,320i ED Luxury Line,2016,Benzin,Yarı Otomatik,138.000,170 hp,1598 cc,649.900
BMW,3 Serisi,320i ED Sport Plus,2016,Benzin,Yarı Otomatik,122.500,170 hp,1598 cc,650.000
BMW,3 Serisi,320i,1990,Benzin & LPG,Manuel,180.000,150 hp,1991 cc,107.000
BMW,3 Serisi,320i Premium,2006,Benzin & LPG,Otomatik,269.000,150 hp,1995 cc,257.000
BMW,3 Serisi,328i,1993,Benzin & LPG,Manuel,278.000,176 - 200 HP,2501 - 3000 cm3,110.000
BMW,3 Serisi,320i ED 40th Year Edition,2016,Benzin,Yarı Otomatik,72.500,170 hp,1598 cc,850.000
BMW,3 Serisi,320d Standart,2012,Dizel,Otomatik,260.000,184 hp,1995 cc,442.000
BMW,3 Serisi,320d Standart,2014,Dizel,Otomatik,203.000,184 hp,1995 cc,650.000
BMW,3 Serisi,320d Standart,2011,Dizel,Otomatik,209.000,184 hp,1995 cc,310.000
BMW,3 Serisi,318i M Joy,2015,Benzin,Yarı Otomatik,100.000,136 hp,1499 cc,597.500
BMW,3 Serisi,320i First Edition M Sport,2019,Benzin,Otomatik,32.000,170 hp,1597 cc,1.125.000
BMW,3 Serisi,316i M Sport,2014,Benzin,Yarı Otomatik,182.000,136 hp,1598 cc,450.000
BMW,3 Serisi,316i Technology,2014,Benzin,Otomatik,96.000,151 - 175 HP,4501 - 5000 cm3,650.000
BMW,3 Serisi,318i Standart,1990,Benzin & LPG,Manuel,329.000,113 hp,1796 cc,64.500
BMW,3 Serisi,316i M Sport,2014,Benzin,Yarı Otomatik,148.000,136 hp,1598 cc,522.000
BMW,3 Serisi,318i Standart,2001,Benzin & LPG,Otomatik,325.000,143 hp,1995 cc,158.000
BMW,3 Serisi,318i Standart,1996,Benzin & LPG,Manuel,325.000,115 hp,1796 cc,90.000
BMW,3 Serisi,316i Sport,2013,Benzin,Yarı Otomatik,146.000,151 - 175 HP,1601 - 1800 cm3,450.000
BMW,3 Serisi,320i ED Sport Line,2015,Benzin,Yarı Otomatik,128.000,170 hp,1598 cc,685.000
BMW,3 Serisi,316i Comfort,2011,Benzin,Yarı Otomatik,111.000,116 hp,1596 cc,440.000
BMW,3 Serisi,325i Standart,2003,Benzin & LPG,Manuel,320.000,192 hp,2494 cc,258.000
BMW,3 Serisi,320d Sport Line,2012,Dizel,Yarı Otomatik,213.000,184 hp,1995 cc,700.000
BMW,3 Serisi,320d Edition Comfort,2012,Dizel,Otomatik,245.000,184 hp,1995 cc,385.000
BMW,3 Serisi,320i ED Luxury M Plus,2015,Benzin,Otomatik,122.000,170 hp,1598 cc,545.000
BMW,3 Serisi,320d Techno Plus,2013,Dizel,Yarı Otomatik,211.000,184 hp,1995 cc,489.500
BMW,3 Serisi,316i Techno Plus,2013,Benzin,Otomatik,125.000,136 hp,1598 cc,477.000
BMW,3 Serisi,320i,1996,Benzin & LPG,Manuel,350.000,150 hp,1991 cc,158.000
BMW,3 Serisi,318i M Joy Plus,2016,Benzin,Yarı Otomatik,76.572,136 hp,1499 cc,679.900
BMW,3 Serisi,320i ED M Sport,2014,Benzin,Yarı Otomatik,120.000,101 - 125 HP,1301 - 1600 cm3,527.000
BMW,3 Serisi,320i First Edition M Sport,2020,Benzin,Otomatik,17.000,170 hp,1597 cc,1.210.000
BMW,3 Serisi,318i Standart,2004,Benzin & LPG,Otomatik,217.500,143 hp,1995 cc,222.500
BMW,3 Serisi,320d xDrive Luxury Line,2014,Dizel,Yarı Otomatik,90.000,184 hp,1995 cc,680.000
BMW,3 Serisi,316ti Compact,2003,Benzin,Manuel,365.000,115 hp,1596 cc,127.500
BMW,3 Serisi,316i Standart,1989,Benzin,Manuel,144.000,226 - 250 HP,2501 - 3000 cm3,149.750
BMW,3 Serisi,320i,2009,Benzin,Otomatik,213,170 hp,1995 cc,407.500
BMW,3 Serisi,320d Modern Line,2012,Dizel,Yarı Otomatik,241.000,184 hp,1995 cc,420.000
BMW,3 Serisi,316i M Sport,2015,Benzin,Yarı Otomatik,114.000,136 hp,1598 cc,589.500
BMW,3 Serisi,320d Sport Line,2013,Dizel,Yarı Otomatik,202.000,184 hp,1995 cc,565.000
BMW,3 Serisi,320i ED Sport Line,2016,Benzin,Yarı Otomatik,62.000,170 hp,1598 cc,695.000
BMW,3 Serisi,316i Exclusive,2010,Benzin & LPG,Manuel,190.000,122 hp,1597 cc,325.000
BMW,3 Serisi,320i,2005,Benzin,Manuel,250.000,150 hp,1995 cc,280.000
BMW,3 Serisi,320i First Edition Luxury Line,2019,Benzin,Otomatik,29.000,170 hp,1597 cc,1.040.000
BMW,3 Serisi,320i,1994,Benzin & LPG,Manuel,220,150 hp,1991 cc,132.500
BMW,3 Serisi,320d xDrive Techno Plus,2014,Dizel,Yarı Otomatik,175.000,176 - 200 HP,1801 - 2000 cm3,645.000
BMW,3 Serisi,320i ED Luxury Line,2014,Benzin,Otomatik,160.000,170 hp,1598 cc,522.000
BMW,3 Serisi,316i M Sport,2012,Benzin,Otomatik,140.000,116 hp,1596 cc,365.000
BMW,3 Serisi,320i First Edition M Sport,2020,Benzin,Otomatik,27.000,170 hp,1597 cc,1.140.000
BMW,3 Serisi,318i Standart,2006,Benzin & LPG,Manuel,298.000,143 hp,1995 cc,228.000
BMW,3 Serisi,320i ED Luxury Line Plus,2015,Benzin,Yarı Otomatik,86.000,170 hp,1598 cc,695.000
BMW,3 Serisi,320i ED Standart,2014,Benzin,Otomatik,200.000,170 hp,1598 cc,440.000
BMW,3 Serisi,320d Premium,2006,Dizel,Otomatik,293.000,163 hp,1995 cc,270.000
BMW,3 Serisi,316i Modern Line,2012,Benzin,Yarı Otomatik,108.000,136 hp,1598 cc,430.000
BMW,3 Serisi,320d xDrive Techno Plus,2013,Dizel,Yarı Otomatik,198.000,184 hp,1995 cc,545.000
BMW,3 Serisi,330Ci,2001,Benzin & LPG,Manuel,267.000,231 hp,2979 cc,249.999
BMW,3 Serisi,320i,1995,Benzin & LPG,Manuel,280.000,150 hp,1991 cc,134.500
BMW,3 Serisi,320d Sport,2011,Dizel,Yarı Otomatik,239.000,184 hp,1995 cc,340.000
BMW,3 Serisi,320d M Sport,2012,Dizel,Yarı Otomatik,207.000,184 hp,1995 cc,580.000
BMW,3 Serisi,320d Premium,2010,Dizel,Otomatik,190.000,176 - 200 HP,2001 - 2500 cm3,355.000
BMW,3 Serisi,316i Standart,2000,Benzin,Manuel,299.000,105 hp,1595 cc,154.000
BMW,3 Serisi,320i ED Techno Plus,2014,Benzin,Otomatik,169.000,170 hp,1598 cc,445.000
BMW,3 Serisi,320d Techno Plus,2014,Dizel,Otomatik,221.000,176 - 200 HP,1801 - 2000 cm3,610.000
BMW,3 Serisi,320d Standart,2003,Dizel,Otomatik,255.000,150 hp,1995 cc,190.750
BMW,3 Serisi,320i ED 40th Year Edition,2015,Benzin,Yarı Otomatik,118.000,170 hp,1598 cc,593.000
BMW,3 Serisi,320i ED Standart,2016,Benzin,Otomatik,125.000,170 hp,1598 cc,750.000
BMW,3 Serisi,320d Standart,2007,Dizel,Otomatik,306.000,163 hp,1995 cc,235.000
BMW,3 Serisi,320i Cabrio,1994,Benzin & LPG,Manuel,278.000,150 hp,1991 cc,227.500
BMW,3 Serisi,320d xDrive Standart,2009,Dizel,Otomatik,335.000,177 hp,1995 cc,288.000
BMW,3 Serisi,316i Standart,2005,Benzin & LPG,Manuel,240.000,116 hp,1796 cc,189.000
BMW,3 Serisi,320d Premium,2011,Dizel,Otomatik,252.000,176 - 200 HP,1801 - 2000 cm3,310.000
BMW,3 Serisi,320i,2012,Benzin,Otomatik,258.000,184 hp,1997 cc,400.000
BMW,3 Serisi,320d Standart,2010,Dizel,Otomatik,281.000,177 hp,1995 cc,310.000
BMW,3 Serisi,320i ED Sport Line,2016,Benzin,Yarı Otomatik,149.000,170 hp,1598 cc,564.000
BMW,3 Serisi,318i Edition Sport Line,2017,Benzin,Otomatik,58.000,136 hp,1499 cc,720.000
BMW,3 Serisi,320i ED Sport Line,2015,Benzin,Yarı Otomatik,160.000,176 - 200 HP,1801 - 2000 cm3,475.000
BMW,3 Serisi,320d Premium,2006,Dizel,Otomatik,272.250,163 hp,1995 cc,279.750
BMW,3 Serisi,320d Standart,2012,Dizel,Otomatik,244.000,184 hp,1995 cc,415.000
BMW,3 Serisi,316i Comfort,2012,Benzin,Yarı Otomatik,214.500,116 hp,1596 cc,328.500
BMW,3 Serisi,320d Standart,2011,Dizel,Otomatik,275.000,184 hp,1995 cc,285.000
BMW,3 Serisi,320i ED Standart,2015,Benzin,Otomatik,126.000,170 hp,1598 cc,586.000
BMW,3 Serisi,320i ED 40th Year Edition,2016,Benzin,Yarı Otomatik,96.000,170 hp,1598 cc,663.900
BMW,3 Serisi,320i,1994,Benzin,Otomatik,96.655,150 hp,1991 cc,345.000
BMW,3 Serisi,320i ED Luxury M Plus,2014,Benzin,Otomatik,180.000,170 hp,1598 cc,550.000
BMW,3 Serisi,330Ci,2001,Benzin,Manuel,207.000,231 hp,2979 cc,245.000
BMW,3 Serisi,320d Comfort,2010,Dizel,Yarı Otomatik,253.000,177 hp,1995 cc,278.000
BMW,3 Serisi,318i M Joy Plus,2015,Benzin,Yarı Otomatik,148.000,136 hp,1499 cc,609.000
BMW,3 Serisi,320d Edition Comfort,2011,Dizel,Otomatik,175.000,184 hp,1995 cc,399.000
BMW,3 Serisi,320i First Edition M Sport,2021,Benzin,Otomatik,7.400,170 hp,1597 cc,1.289.000
BMW,3 Serisi,316i Standart,2006,Benzin & LPG,Manuel,289.000,115 hp,1596 cc,236.750
BMW,3 Serisi,316ti Compact,2004,Benzin & LPG,Manuel,199.000,115 hp,1596 cc,145.000
BMW,3 Serisi,318i Edition M Sport,2018,Benzin,Otomatik,43.600,136 hp,1499 cc,800.000
BMW,3 Serisi,318i Edition Sport Line,2018,Benzin,Otomatik,85.000,136 hp,1499 cc,642.000
BMW,3 Serisi,320d Premium,2011,Dizel,Otomatik,253.000,177 hp,1995 cc,375.000
BMW,3 Serisi,320i,1998,Benzin & LPG,Otomatik,330.000,150 hp,1991 cc,153.500
BMW,3 Serisi,316i Premium,2006,Benzin & LPG,Manuel,178.000,151 - 175 HP,1301 - 1600 cm3,273.000
BMW,3 Serisi,316ti Compact,2002,Benzin,Manuel,198.000,115 hp,1596 cc,116.000
BMW,3 Serisi,320d Techno Plus,2013,Dizel,Yarı Otomatik,209.500,184 hp,1995 cc,524.500
BMW,3 Serisi,320i ED Sport Line,2015,Benzin,Yarı Otomatik,120.000,170 hp,1598 cc,675.000
BMW,3 Serisi,320d M Sport,2015,Dizel,Yarı Otomatik,180.000,184 hp,1995 cc,565.000
BMW,3 Serisi,316i M Sport,2014,Benzin,Yarı Otomatik,98.500,136 hp,1598 cc,655.000
BMW,3 Serisi,316i Comfort,2009,Benzin & LPG,Yarı Otomatik,261.750,101 - 125 HP,1301 - 1600 cm3,298.750
BMW,3 Serisi,320d M Sport,2011,Dizel,Otomatik,236.000,184 hp,1995 cc,288.000
BMW,3 Serisi,320d Premium,2011,Dizel,Otomatik,210.000,177 hp,1995 cc,355.000
BMW,3 Serisi,320i ED Standart,2015,Benzin,Otomatik,123.000,170 hp,1598 cc,558.000
BMW,3 Serisi,316i Comfort,2012,Benzin,Otomatik,99.000,136 hp,1598 cc,530.000
BMW,3 Serisi,316i Standart,2011,Benzin & LPG,Otomatik,200.000,116 hp,1596 cc,291.500
BMW,3 Serisi,320d M Sport,2011,Dizel,Otomatik,248.000,184 hp,1995 cc,326.750
BMW,3 Serisi,320i First Edition M Sport,2019,Benzin,Otomatik,19.000,170 hp,1597 cc,1.130.000
BMW,3 Serisi,320d Edition Comfort,2012,Dizel,Otomatik,157.000,184 hp,1995 cc,379.000
BMW,3 Serisi,320i ED Luxury Line Plus,2016,Benzin,Yarı Otomatik,143.000,170 hp,1598 cc,629.000
BMW,3 Serisi,316i Comfort,2012,Benzin,Otomatik,148.165,136 hp,1598 cc,472.500
BMW,3 Serisi,320i ED Sport Line,2013,Benzin,Yarı Otomatik,228.000,170 hp,1598 cc,500.000
BMW,3 Serisi,323Ci,2000,Benzin,Manuel,264.000,170 hp,2494 cc,380.000
BMW,3 Serisi,320i ED Sport Line,2013,Benzin,Yarı Otomatik,135.000,170 hp,1598 cc,575.000
BMW,3 Serisi,320i ED Luxury Line Plus,2014,Benzin,Yarı Otomatik,118.500,170 hp,1598 cc,568.320
BMW,3 Serisi,320d M Sport,2012,Dizel,Otomatik,160.000,184 hp,1995 cc,403.000
BMW,3 Serisi,318is,1997,Benzin & LPG,Manuel,348.000,140 hp,1796 cc,127.000
BMW,3 Serisi,320i ED M Plus,2015,Benzin,Yarı Otomatik,146.000,170 hp,1598 cc,586.500
BMW,3 Serisi,316i Standart,1995,Benzin & LPG,Manuel,300.000,102 hp,1596 cc,89.000
BMW,3 Serisi,320d Sport Line,2012,Dizel,Yarı Otomatik,328.000,184 hp,1995 cc,465.000
BMW,3 Serisi,320d Premium,2010,Dizel,Otomatik,282.000,177 hp,1995 cc,317.000
BMW,3 Serisi,316i Standart,2006,Benzin & LPG,Manuel,274.000,115 hp,1596 cc,238.000
BMW,3 Serisi,320i ED Luxury Line,2014,Benzin,Otomatik,104.000,170 hp,1598 cc,635.000
BMW,3 Serisi,320d Premium Line,2018,Dizel,Yarı Otomatik,95.000,176 - 200 HP,1801 - 2000 cm3,710.000
BMW,3 Serisi,320i ED 40th Year Edition,2016,Benzin,Yarı Otomatik,100.000,170 hp,1598 cc,735.000
BMW,3 Serisi,320d Premium,2010,Dizel,Otomatik,254.000,177 hp,1995 cc,356.000
BMW,3 Serisi,320i ED 40th Year Edition,2016,Benzin,Yarı Otomatik,168.000,170 hp,1598 cc,485.000
BMW,3 Serisi,320i ED Sport Line,2013,Benzin,Yarı Otomatik,159.000,170 hp,1598 cc,580.000
BMW,3 Serisi,320i ED Sport Line,2014,Benzin,Yarı Otomatik,145.000,170 hp,1598 cc,585.000
BMW,3 Serisi,318i Standart,2001,Benzin & LPG,Otomatik,351.000,143 hp,1995 cc,175.000
BMW,3 Serisi,320i,1994,Benzin,Manuel,370.000,150 hp,1991 cc,120.000
BMW,3 Serisi,320i ED Techno Plus,2014,Benzin,Otomatik,133.000,170 hp,1598 cc,475.000
BMW,3 Serisi,320d Premium Line,2018,Dizel,Otomatik,43.000,190 hp,1995 cc,890.000
BMW,3 Serisi,324td Standart,1988,Dizel,Otomatik,179.000,101 - 125 HP,2001 - 2500 cm3,145.000
BMW,3 Serisi,320i,2007,Benzin,Otomatik,76.000,150 hp,1995 cc,447.500
BMW,3 Serisi,320d Premium,2006,Dizel,Otomatik,371.000,163 hp,1995 cc,285.000
BMW,3 Serisi,316i Standart,1993,Benzin & LPG,Manuel,341.000,102 hp,1596 cc,85.000
BMW,3 Serisi,320i,1994,Benzin & LPG,Manuel,376.000,150 hp,1991 cc,105.000
BMW,3 Serisi,320d M Sport,2008,Dizel,Otomatik,265.000,177 hp,1995 cc,345.000
BMW,3 Serisi,320d Comfort,2011,Dizel,Yarı Otomatik,164.000,184 hp,1995 cc,363.000
BMW,3 Serisi,320i,1994,Benzin,Manuel,207.000,150 hp,1991 cc,81.000
BMW,3 Serisi,320d Techno Plus,2016,Dizel,Otomatik,91.000,176 - 200 HP,1801 - 2000 cm3,665.000
BMW,3 Serisi,320i Premium,2008,Benzin & LPG,Yarı Otomatik,224.000,170 hp,1995 cc,265.000
BMW,3 Serisi,320d M Sport,2012,Dizel,Otomatik,237.000,184 hp,1995 cc,430.000
BMW,3 Serisi,316i Standart,1993,Benzin & LPG,Manuel,395.000,102 hp,1596 cc,81.000
BMW,3 Serisi,320d Standart,2011,Dizel,Otomatik,199.600,184 hp,1995 cc,469.750
BMW,3 Serisi,320d Premium,2006,Dizel,Otomatik,329.000,163 hp,1995 cc,248.000
BMW,3 Serisi,316i Standart,2000,Benzin & LPG,Manuel,292.000,105 hp,1595 cc,132.500
BMW,3 Serisi,318i Standart,1992,Benzin & LPG,Manuel,400.000,101 - 125 HP,1601 - 1800 cm3,66.000
BMW,3 Serisi,320i ED Luxury Line,2014,Benzin,Otomatik,193.000,170 hp,1598 cc,550.000
BMW,3 Serisi,320i,1994,Benzin & LPG,Otomatik,395.000,150 hp,1991 cc,90.000
BMW,3 Serisi,320i First Edition Sport Line,2021,Benzin,Otomatik,10.000,170 hp,1597 cc,1.199.000
BMW,3 Serisi,316i Standart,2011,Benzin & LPG,Otomatik,160.000,116 hp,1596 cc,320.000
BMW,3 Serisi,320d Comfort,2012,Dizel,Yarı Otomatik,259.000,184 hp,1995 cc,335.000
BMW,3 Serisi,320i,1991,Benzin & LPG,Manuel,410.000,150 hp,1991 cc,77.500
BMW,3 Serisi,316i Modern Line,2012,Benzin,Yarı Otomatik,54.000,136 hp,1598 cc,525.000
BMW,3 Serisi,320i ED Sport Line,2015,Benzin,Yarı Otomatik,146.000,170 hp,1598 cc,605.000
BMW,3 Serisi,316i Standart,2007,Benzin,Manuel,200.000,122 hp,1597 cc,210.000
BMW,3 Serisi,318i Touring,1992,Benzin & LPG,Manuel,350.000,113 hp,1796 cc,64.000
BMW,3 Serisi,320d Premium,2006,Dizel,Otomatik,265.000,163 hp,1995 cc,272.000
BMW,3 Serisi,316i M Sport,2014,Benzin,Yarı Otomatik,120.000,136 hp,1598 cc,660.000
BMW,3 Serisi,320i First Edition M Sport,2019,Benzin,Otomatik,64.000,170 hp,1597 cc,1.080.000
BMW,3 Serisi,320d Luxury,2012,Dizel,Yarı Otomatik,60.500,184 hp,1995 cc,635.000
BMW,3 Serisi,316i Standart,2005,Benzin & LPG,Manuel,268.000,115 hp,1596 cc,176.750
BMW,3 Serisi,320d GT Gran Turismo,2013,Dizel,Otomatik,275.000,184 hp,1995 cc,588.000
BMW,3 Serisi,318i Standart,2001,Benzin & LPG,Otomatik,340.000,118 hp,1895 cc,147.500
BMW,3 Serisi,320d M Sport,2012,Dizel,Otomatik,235.000,176 - 200 HP,1801 - 2000 cm3,448.000
BMW,3 Serisi,318is,1997,Benzin & LPG,Manuel,266.000,140 hp,1796 cc,87.500
BMW,3 Serisi,318is,1995,Benzin,Manuel,278.000,140 hp,1796 cc,187.500
BMW,3 Serisi,320d Premium,2006,Dizel,Otomatik,260,163 hp,1995 cc,187.000
BMW,3 Serisi,320i ED Sport Line,2015,Benzin,Yarı Otomatik,124.000,170 hp,1598 cc,580.000
BMW,3 Serisi,316i M Sport,2013,Benzin,Yarı Otomatik,138.000,136 hp,1598 cc,530.000
BMW,3 Serisi,320d Standart,2013,Dizel,Otomatik,270.000,184 hp,1995 cc,525.000
BMW,3 Serisi,320d Premium,2010,Dizel,Otomatik,260.000,177 hp,1995 cc,312.900
BMW,3 Serisi,318i M Joy Plus,2015,Benzin,Yarı Otomatik,118.000,136 hp,1499 cc,545.000
BMW,3 Serisi,316i M Sport,2012,Benzin,Yarı Otomatik,130.000,136 hp,1598 cc,479.000
BMW,3 Serisi,318i Standart,2001,Benzin & LPG,Otomatik,310.000,143 hp,1995 cc,170.000
BMW,3 Serisi,320i ED Standart,2016,Benzin,Otomatik,111.000,170 hp,1598 cc,579.000
BMW,3 Serisi,320i First Edition Luxury Line,2021,Benzin,Otomatik,4.700,170 hp,1597 cc,1.260.000
BMW,3 Serisi,320i ED 40th Year Edition,2016,Benzin,Yarı Otomatik,127.000,170 hp,1598 cc,725.000
BMW,3 Serisi,320i Premium,2006,Benzin & LPG,Otomatik,257.000,150 hp,1995 cc,239.000
BMW,3 Serisi,320i ED M Plus,2015,Benzin,Yarı Otomatik,155.000,170 hp,1598 cc,610.000
BMW,3 Serisi,316i Standart,1989,Benzin,Manuel,102.320,101 - 125 HP,1601 - 1800 cm3,105.000
BMW,3 Serisi,320i,1997,Benzin & LPG,Manuel,356.700,150 hp,1991 cc,127.000
BMW,3 Serisi,320i ED Luxury M Plus,2014,Benzin,Otomatik,156.000,170 hp,1598 cc,610.000
BMW,3 Serisi,316i Standart,2005,Benzin & LPG,Manuel,215.250,115 hp,1596 cc,218.500
BMW,3 Serisi,320i ED 40th Year Edition,2016,Benzin,Yarı Otomatik,70.000,170 hp,1598 cc,720.000
BMW,3 Serisi,320d Premium,2006,Dizel,Otomatik,240.000,163 hp,1995 cc,267.500
BMW,3 Serisi,320i ED Luxury M Plus,2016,Benzin,Otomatik,58.000,170 hp,1598 cc,799.000
BMW,3 Serisi,320i,2001,Benzin & LPG,Otomatik,260.000,170 hp,1991 cc,160.000
BMW,3 Serisi,316i Standart,1989,Benzin & LPG,Manuel,250.000,201 - 225 HP,2001 - 2500 cm3,135.000
BMW,3 Serisi,318i Edition Luxury Line,2018,Benzin,Otomatik,69.000,136 hp,1499 cc,785.000
BMW,3 Serisi,316i Premium,2009,Benzin & LPG,Manuel,255.000,122 hp,1597 cc,249.500
BMW,3 Serisi,320i Premium,2007,Benzin & LPG,Otomatik,245.000,150 hp,1995 cc,239.000
BMW,3 Serisi,318Ci,2003,Benzin & LPG,Otomatik,249.500,143 hp,1995 cc,329.900
BMW,3 Serisi,320i First Edition Sport Line,2021,Benzin,Otomatik,24.000,170 hp,1597 cc,1.085.000
BMW,3 Serisi,320d xDrive Luxury Line,2014,Dizel,Yarı Otomatik,197.000,184 hp,1995 cc,593.000
BMW,3 Serisi,320i Premium,2005,Benzin & LPG,Otomatik,281.582,150 hp,1995 cc,235.500
BMW,3 Serisi,320i ED Sport Line,2015,Benzin,Yarı Otomatik,112.000,170 hp,1598 cc,625.000
BMW,3 Serisi,318i Premium Line,2018,Benzin,Otomatik,68.000,136 hp,1499 cc,699.000
BMW,3 Serisi,330Ci,2001,Benzin & LPG,Manuel,250.000,231 hp,2979 cc,225.000
BMW,3 Serisi,320d Luxury,2013,Dizel,Yarı Otomatik,247.200,184 hp,1995 cc,485.000
BMW,3 Serisi,320i ED M Plus,2013,Benzin,Yarı Otomatik,126.000,170 hp,1598 cc,549.000
BMW,3 Serisi,320i,2000,Benzin & LPG,Otomatik,259.000,170 hp,1991 cc,149.650
BMW,3 Serisi,316i Standart,2006,Benzin & LPG,Manuel,243.000,116 hp,1796 cc,245.000
BMW,3 Serisi,330d Standart,2004,Dizel,Yarı Otomatik,225.000,201 - 225 HP,2501 - 3000 cm3,295.000
BMW,3 Serisi,320d M Sport,2011,Dizel,Yarı Otomatik,260.000,184 hp,1995 cc,475.000
BMW,3 Serisi,320i First Edition M Sport,2019,Benzin,Otomatik,41.000,170 hp,1597 cc,995.000
BMW,3 Serisi,318i M Joy,2016,Benzin,Otomatik,71.000,126 - 150 HP,1301 - 1600 cm3,618.500
BMW,3 Serisi,320i First Edition M Sport,2022,Benzin,Otomatik,0,170 hp,1597 cc,1.395.000
