520i Executive M Sport,2016,Benzin,Yarı Otomatik,136.000,170 hp,1592 cc,808000
318is,1998,Benzin,Manuel,136.000,140 hp,1796 cc,240000
320d Sport Line,2012,Dizel,Yarı Otomatik,305.000,184 hp,1995 cc,465000
320d Premium,2010,Dizel,Otomatik,165.000,177 hp,1995 cc,397500
320d Premium,2007,Dizel,Yarı Otomatik,245.000,163 hp,1900 cc,292500
320i ED Sport Line,2015,Benzin,Yarı Otomatik,124.000,170 hp,1598 cc,560900
318i Edition M Sport,2017,Benzin,Otomatik,124.000,136 hp,1499 cc,759000
316i M Sport,2014,Benzin,Yarı Otomatik,126.000,136 hp,1598 cc,575000
316i M Sport,2014,Benzin,Yarı Otomatik,219.000,136 hp,1598 cc,430000
320d M Sport,2012,Dizel,Otomatik,235.555,188 hp,1900 cc,535000
320i,2012,Benzin,Otomatik,88.000,184 hp,1997 cc,532900
320d M Sport,2011,Dizel,Otomatik,155.000,184 hp,1995 cc,352000
320d Premium,2010,Dizel,Otomatik,262.000,177 hp,1995 cc,340500
320i ED Sport Line,2016,Benzin,Yarı Otomatik,87.500,170 hp,1598 cc,850000
320d xDrive Techno Plus,2013,Dizel,Yarı Otomatik,172.000,184 hp,1995 cc,520000
320d Premium,2010,Dizel,Otomatik,245.000,177 hp,1995 cc,355000
320d Edition Comfort,2012,Dizel,Otomatik,216.000,184 hp,1995 cc,421000
320d Edition M Sport,2018,Dizel,Otomatik,68.000,190 hp,1995 cc,915000
318i Edition Sport Line,2017,Benzin,Otomatik,115.000,136 hp,1499 cc,665000
320d Premium,2010,Dizel,Otomatik,260.000,177 hp,1995 cc,286500
320i ED Modern Line,2014,Benzin,Otomatik,124.000,170 hp,1598 cc,545000
320d M Sport,2012,Dizel,Yarı Otomatik,168.000,184 hp,1995 cc,555000
330i xDrive Edition M Sport,2018,Benzin,Otomatik,86.000,252 hp,1998 cc,1250000
320i ED Techno Plus,2013,Benzin,Otomatik,214.000,170 hp,1598 cc,432000
318is,1997,Benzin & LPG,Manuel,340.000,140 hp,1796 cc,120000
320d xDrive 40th Year Edition,2017,Dizel,Otomatik,121.000,190 hp,1995 cc,849900
320d M Sport,2011,Dizel,Yarı Otomatik,267.000,184 hp,1995 cc,435000
320d M Sport,2008,Dizel,Otomatik,262.000,177 hp,1995 cc,408000
320d Premium Line,2018,Dizel,Otomatik,91.500,190 hp,1995 cc,775000
320d Premium Line,2018,Dizel,Otomatik,36.865,190 hp,1995 cc,819000
316i M Sport,2014,Benzin,Yarı Otomatik,189.000,136 hp,1598 cc,477400
318i M Joy,2016,Benzin,Yarı Otomatik,109.500,136 hp,1499 cc,619900
320i First Edition M Sport,2019,Benzin,Otomatik,22.000,170 hp,1597 cc,1165000
316ti Compact,2003,Benzin,Manuel,330.000,115 hp,1596 cc,105000
320d M Sport,2009,Dizel,Otomatik,155.000,177 hp,1995 cc,665000
320i ED 40th Year Edition,2016,Benzin,Yarı Otomatik,110.000,170 hp,1598 cc,750000
320i First Edition M Sport,2020,Benzin,Otomatik,68.000,170 hp,1597 cc,1200000
316i Standart,1995,Benzin & LPG,Manuel,320.000,102 hp,1596 cc,100000
320d Standart,2012,Dizel,Otomatik,256.000,184 hp,1995 cc,340000
320d M Sport,2011,Dizel,Otomatik,230.000,184 hp,1995 cc,372000
320i First Edition M Sport,2020,Benzin,Otomatik,9.000,170 hp,1597 cc,1050000
316i Comfort,2012,Benzin,Otomatik,135.000,163 hp,1700 cc,430000
320d M Sport,2011,Dizel,Yarı Otomatik,210.000,184 hp,1995 cc,615000
318is,1994,Benzin & LPG,Otomatik,192.000,140 hp,1796 cc,102500
316i M Sport,2015,Benzin,Yarı Otomatik,205.000,136 hp,1598 cc,555000
320d Modern Line,2013,Dizel,Yarı Otomatik,200.000,184 hp,1995 cc,487500
320d M Sport,2013,Dizel,Yarı Otomatik,340.000,184 hp,1995 cc,440000
320d GT Gran Turismo,2013,Dizel,Otomatik,163.000,184 hp,1995 cc,519000
320i First Edition Sport Line,2019,Benzin,Otomatik,21.000,170 hp,1597 cc,1044900
318i Edition Luxury Line,2017,Benzin,Otomatik,162.000,136 hp,1499 cc,715000
316i M Sport,2012,Benzin,Yarı Otomatik,164.000,136 hp,1598 cc,415000
320d M Sport,2009,Dizel,Otomatik,230.000,177 hp,1995 cc,585000
325i Standart,1989,Benzin & LPG,Manuel,111.111,188 hp,2250 cc,67500
320i,2001,Benzin & LPG,Otomatik,306.000,170 hp,2171 cc,225000
320d Standart,2014,Dizel,Otomatik,90.000,184 hp,1995 cc,665000
320i ED Techno Plus,2014,Benzin,Otomatik,154.000,170 hp,1598 cc,447500
320i,1994,Benzin & LPG,Manuel,244.000,150 hp,1991 cc,155555
320d M Sport,2015,Dizel,Yarı Otomatik,168.000,190 hp,1995 cc,710000
320d Premium,2006,Dizel,Otomatik,263.000,163 hp,1995 cc,209999
320i,1997,Benzin & LPG,Manuel,209.000,150 hp,1991 cc,155000
320i,1999,Benzin & LPG,Otomatik,315.000,150 hp,1991 cc,159500
320i ED Luxury Line,2015,Benzin,Otomatik,124.000,170 hp,1598 cc,610000
318i Standart,1994,Benzin & LPG,Manuel,325.000,115 hp,1796 cc,107000
320d M Sport,2009,Dizel,Otomatik,295.000,177 hp,1995 cc,335000
320d xDrive Modern Line,2014,Dizel,Otomatik,273.000,184 hp,1995 cc,530000
320d Standart,2014,Dizel,Otomatik,242.000,184 hp,1995 cc,472000
320i ED Standart,2013,Benzin,Otomatik,198.000,170 hp,1598 cc,485750
320i ED 40th Year Edition,2016,Benzin,Yarı Otomatik,78.000,170 hp,1598 cc,805000
320i ED Modern Line,2013,Benzin,Otomatik,168.000,170 hp,1598 cc,469000
318i Standart,1998,Benzin & LPG,Manuel,302.000,118 hp,1895 cc,168000
320i Premium,2006,Benzin & LPG,Otomatik,365.000,150 hp,1995 cc,242000
320d M Sport,2013,Dizel,Yarı Otomatik,240.000,184 hp,1995 cc,485000
320d Standart,2013,Dizel,Otomatik,185.000,184 hp,1995 cc,510000
318i Standart,2001,Benzin & LPG,Otomatik,392.000,143 hp,1995 cc,160000
320d M Sport,2013,Dizel,Yarı Otomatik,195.000,184 hp,1995 cc,599000
316i Standart,1990,Benzin,Manuel,200.000,99 hp,1596 cc,85000
318i Standart,2002,Benzin & LPG,Otomatik,296.000,143 hp,1995 cc,136000
320d Premium Line,2018,Dizel,Otomatik,33.000,190 hp,1995 cc,855000
318i Standart,1990,Benzin & LPG,Manuel,352.000,113 hp,1796 cc,95000
320d Standart,2010,Dizel,Otomatik,258.000,184 hp,1995 cc,258000
316i Standart,1993,Benzin & LPG,Manuel,381.000,102 hp,1596 cc,81950
320i,2008,Benzin,Otomatik,189.000,170 hp,1995 cc,409000
318i Premium Line,2018,Benzin,Otomatik,43.000,136 hp,1499 cc,719000
325xi Standart,2001,Benzin,Otomatik,359.000,192 hp,2494 cc,189500
316i M Sport,2014,Benzin,Yarı Otomatik,112.000,136 hp,1598 cc,440000
318i M Joy Plus,2015,Benzin,Yarı Otomatik,181.000,136 hp,1499 cc,557000
320d Premium,2007,Dizel,Otomatik,383.000,163 hp,1995 cc,239900
316i M Sport,2013,Benzin,Yarı Otomatik,215.000,113 hp,2350 cc,470000
320i Executive M Sport,2020,Benzin,Otomatik,19.000,163 hp,1450 cc,1190000
320i,2000,Benzin,Otomatik,229.000,170 hp,1991 cc,159500
328i Touring,1995,Benzin & LPG,Manuel,291.300,193 hp,2793 cc,184000
320d Premium,2011,Dizel,Otomatik,253.000,177 hp,1995 cc,326500
320i ED Standart,2013,Benzin,Otomatik,153.967,170 hp,1598 cc,500000
320d M Sport,2012,Dizel,Yarı Otomatik,250.000,184 hp,1995 cc,650000
320i First Edition M Sport,2021,Benzin,Otomatik,18.000,170 hp,1597 cc,1095000
318i Edition M Sport,2017,Benzin,Otomatik,64.000,136 hp,1499 cc,716500
320i ED Techno Plus,2013,Benzin,Otomatik,108.800,170 hp,1598 cc,537000
320d Modern Line,2013,Dizel,Yarı Otomatik,228.000,184 hp,1995 cc,490000
320i ED M Plus,2016,Benzin,Yarı Otomatik,94.850,170 hp,1598 cc,635000
318d Premium,2009,Dizel,Yarı Otomatik,209.000,143 hp,1995 cc,365950
320d Premium,2005,Dizel,Otomatik,338.000,163 hp,1995 cc,185000
316i Comfort,2012,Benzin,Otomatik,165.000,136 hp,1598 cc,425000
318i Edition M Sport,2017,Benzin,Otomatik,77.000,136 hp,1499 cc,685000
320d Comfort,2012,Dizel,Otomatik,252.000,188 hp,1900 cc,399000
320i First Edition Luxury Line,2020,Benzin,Otomatik,14.986,163 hp,1450 cc,1145000
320i ED M Sport,2015,Benzin,Otomatik,125.000,163 hp,1450 cc,510000
320d Sport Line,2017,Dizel,Yarı Otomatik,145.000,190 hp,1995 cc,732500
320i ED 40th Year Edition,2015,Benzin,Yarı Otomatik,130.000,170 hp,1598 cc,645000
320i ED Sport Line,2015,Benzin,Yarı Otomatik,125.000,170 hp,1598 cc,555000
320i ED Standart,2013,Benzin,Otomatik,224,170 hp,1598 cc,430000
320i ED Sport Line,2014,Benzin,Yarı Otomatik,178.000,170 hp,1598 cc,429000
320si,2006,Benzin,Manuel,219.000,173 hp,1997 cc,270000
316i Premium,2007,Benzin & LPG,Manuel,190.000,122 hp,1597 cc,232000
320i First Edition Sport Line,2020,Benzin,Otomatik,23.900,170 hp,1597 cc,1099000
320d Comfort,2013,Dizel,Otomatik,209.000,188 hp,2250 cc,422500
316i Standart,1993,Benzin & LPG,Manuel,345.000,102 hp,1596 cc,81750
320d Premium,2008,Dizel,Otomatik,126.774,177 hp,1995 cc,365500
316ti Compact,2004,Benzin & LPG,Manuel,295.000,115 hp,1596 cc,117000
318i Standart,2002,Benzin & LPG,Otomatik,260.000,143 hp,1995 cc,212500
320i ED Sport Line,2016,Benzin,Yarı Otomatik,120.000,170 hp,1598 cc,640000
316i Comfort,2013,Benzin,Otomatik,182.000,136 hp,1598 cc,480000
320i,1999,Benzin,Manuel,248.000,150 hp,1991 cc,160000
316i Standart,2006,Benzin & LPG,Manuel,208.000,115 hp,1596 cc,223250
320d Comfort,2011,Dizel,Yarı Otomatik,260.000,184 hp,1995 cc,345000
316i Modern Line,2012,Benzin,Yarı Otomatik,129.000,136 hp,1598 cc,469000
316i Compact,1999,Benzin & LPG,Otomatik,329.000,102 hp,1596 cc,112000
320d M Sport,2012,Dizel,Otomatik,340.000,184 hp,1995 cc,363900
320i,2000,Benzin & LPG,Otomatik,387,150 hp,1991 cc,163000
320d Premium,2006,Dizel,Otomatik,291.000,163 hp,1995 cc,259000
320d xDrive Comfort,2011,Dizel,Otomatik,182.000,184 hp,1995 cc,405000
320i ED Modern Line,2013,Benzin,Otomatik,180.000,170 hp,1598 cc,435000
316i Compact,2000,Benzin & LPG,Manuel,296.000,102 hp,1596 cc,96500
320i ED Sport Line,2016,Benzin,Yarı Otomatik,141.000,170 hp,1598 cc,579900
320i ED Sport Line,2014,Benzin,Yarı Otomatik,104.000,170 hp,1598 cc,615000
320d Techno Plus,2014,Dizel,Yarı Otomatik,160.000,184 hp,1995 cc,568000
320d Premium,2017,Dizel,Yarı Otomatik,95.000,190 hp,1995 cc,846250
320i ED Sport Line,2014,Benzin,Yarı Otomatik,144.000,170 hp,1598 cc,558000
320i First Edition M Sport,2022,Benzin,Otomatik,0,170 hp,1597 cc,1395000
316i Standart,1998,Benzin & LPG,Manuel,316.888,102 hp,1596 cc,96000
316i M Sport,2014,Benzin,Yarı Otomatik,35.000,138 hp,1450 cc,749999
320i First Edition M Sport,2020,Benzin,Otomatik,3.000,170 hp,1597 cc,1120000
320i First Edition Sport Line,2020,Benzin,Otomatik,8.000,170 hp,1597 cc,1075000
320i First Edition Sport Line,2020,Benzin,Otomatik,5.200,170 hp,1597 cc,1110000
320i ED Sport Plus,2015,Benzin,Yarı Otomatik,145.000,170 hp,1598 cc,585000
316i Standart,1990,Benzin & LPG,Manuel,245.000,99 hp,1596 cc,107900
320i ED 40th Year Edition,2015,Benzin,Yarı Otomatik,85.000,170 hp,1598 cc,690000
320i First Edition Sport Line,2020,Benzin,Otomatik,29.000,170 hp,1597 cc,1025000
330xd Standart,2005,Dizel,Otomatik,400.000,231 hp,2993 cc,240000
320i ED M Plus,2015,Benzin,Yarı Otomatik,87.000,170 hp,1598 cc,665000
320i ED Sport Line,2016,Benzin,Otomatik,58.500,163 hp,1450 cc,685000
318i Premium Line,2018,Benzin,Otomatik,52.500,136 hp,1499 cc,689000
320d Modern Line,2013,Dizel,Yarı Otomatik,251.650,184 hp,1995 cc,474750
318i Standart,2006,Benzin,Otomatik,317.000,129 hp,1995 cc,230000
320d Standart,2013,Dizel,Otomatik,198.000,184 hp,1995 cc,468000
320i First Edition Sport Line,2021,Benzin,Otomatik,28.000,170 hp,1597 cc,1175000
320d Modern Line,2012,Dizel,Yarı Otomatik,184.000,184 hp,1995 cc,510000
320i ED Standart,2015,Benzin,Otomatik,79.000,170 hp,1598 cc,685000
320d Comfort,2010,Dizel,Yarı Otomatik,283.000,177 hp,1995 cc,315000
318i Standart,1991,Benzin & LPG,Manuel,235.000,113 hp,1796 cc,98000
320d M Sport,2011,Dizel,Otomatik,303.000,184 hp,1995 cc,410000
318d Premium,2009,Dizel,Yarı Otomatik,186.000,143 hp,1995 cc,321000
320d Standart,2009,Dizel,Otomatik,178.000,177 hp,1995 cc,460000
320i ED Techno Plus,2013,Benzin,Otomatik,109.000,170 hp,1598 cc,505000
320d Premium,2007,Dizel,Otomatik,308.000,163 hp,1995 cc,278000
320i M Sport,2020,Benzin,Otomatik,27.400,170 hp,1597 cc,1179000
316i Standart,1994,Benzin & LPG,Manuel,492.000,102 hp,1596 cc,78000
320d M Sport,2012,Dizel,Otomatik,211.000,184 hp,1995 cc,495000
320d Edition Comfort,2011,Dizel,Otomatik,108.000,184 hp,1995 cc,442500
320d Sport Line,2013,Dizel,Yarı Otomatik,194.000,184 hp,1995 cc,582500
316i Compact,1995,Benzin & LPG,Manuel,292.000,102 hp,1596 cc,77500
320d M Sport,2013,Dizel,Yarı Otomatik,145.000,184 hp,1995 cc,440750
316ti Compact,2003,Benzin,Manuel,266.000,115 hp,1596 cc,156000
323Ci,1999,Benzin,Manuel,122.000,170 hp,2494 cc,203000
320i ED 40th Year Edition,2016,Benzin,Yarı Otomatik,84.000,170 hp,1598 cc,835000
320d xDrive M Sport,2014,Dizel,Yarı Otomatik,220.000,184 hp,1995 cc,599950
316i Standart,1991,Benzin & LPG,Manuel,260.000,99 hp,1596 cc,90000
320i ED Sport Line,2015,Benzin,Yarı Otomatik,155.000,170 hp,1598 cc,590000
316i M Sport,2015,Benzin,Yarı Otomatik,123.000,136 hp,1598 cc,575000
316i Exclusive,2009,Benzin,Manuel,168.540,122 hp,1597 cc,291000
320i ED 40th Year Edition,2015,Benzin,Yarı Otomatik,129.000,170 hp,1598 cc,760000
320d M Sport,2008,Dizel,Otomatik,217.000,177 hp,1995 cc,408000
328i,1999,Benzin & LPG,Manuel,290.000,193 hp,2793 cc,150000
318i M Joy,2015,Benzin,Yarı Otomatik,162.000,136 hp,1499 cc,605000
316i M Sport,2014,Benzin,Yarı Otomatik,84.000,136 hp,1598 cc,600000
318i Premium Line,2017,Benzin,Otomatik,75.000,136 hp,1499 cc,676000
318i Standart,2007,Benzin & LPG,Otomatik,298.500,143 hp,1995 cc,222000
320i ED 40th Year Edition,2015,Benzin,Yarı Otomatik,110.000,170 hp,1598 cc,690000
318i Edition Sport Line,2017,Benzin,Otomatik,90.000,136 hp,1499 cc,695000
320i First Edition Sport Line,2020,Benzin,Otomatik,25.000,170 hp,1597 cc,1035000
320d Premium Line,2018,Dizel,Otomatik,33.000,190 hp,1995 cc,890000
320d Modern Line,2012,Dizel,Yarı Otomatik,176.500,184 hp,1995 cc,575000
318i M Joy Plus,2016,Benzin,Otomatik,125.500,138 hp,1450 cc,620000
318i Edition M Sport,2017,Benzin,Otomatik,72.000,136 hp,1499 cc,750000
318i Prestige,2015,Benzin,Yarı Otomatik,105.000,136 hp,1499 cc,625000
320d Premium,2006,Dizel,Otomatik,260.000,163 hp,1995 cc,275000
320i ED Sport Line,2016,Benzin,Yarı Otomatik,77.500,170 hp,1598 cc,580000
318i Prestige,2015,Benzin,Yarı Otomatik,120.000,136 hp,1499 cc,535000
320d Standart,2013,Dizel,Otomatik,255.000,184 hp,1995 cc,479500
320i ED Sport Line,2016,Benzin,Yarı Otomatik,97.000,170 hp,1598 cc,607500
320d M Sport,2011,Dizel,Otomatik,200.000,184 hp,1995 cc,415000
320d Standart,2010,Dizel,Otomatik,330.000,177 hp,1995 cc,323000
318d Prestige,2017,Dizel,Otomatik,137.000,150 hp,1995 cc,690000
320i ED 40th Year Edition,2015,Benzin,Yarı Otomatik,95.000,163 hp,1900 cc,515000
320i First Edition M Sport,2020,Benzin,Otomatik,26.000,170 hp,1597 cc,1200000
318i Standart,2007,Benzin & LPG,Otomatik,267.000,129 hp,1995 cc,210000
320d Standart,2002,Dizel,Manuel,257.000,150 hp,1995 cc,165000
318is,1997,Benzin,Manuel,260.000,140 hp,1796 cc,115000
318is,1998,Benzin & LPG,Manuel,235.000,140 hp,1895 cc,157000
320d M Sport,2011,Dizel,Otomatik,213.000,184 hp,1995 cc,312000
320i ED Standart,2013,Benzin,Otomatik,69.000,170 hp,1598 cc,523000
316i M Sport,2014,Benzin,Yarı Otomatik,175.000,136 hp,1598 cc,540000
320i ED Modern Line Plus,2014,Benzin,Otomatik,73.000,170 hp,1598 cc,620000
320i First Edition M Sport,2020,Benzin,Otomatik,9.000,170 hp,1597 cc,1100000
325i Standart,1984,Benzin,Manuel,243.000,163 hp,2250 cc,158000
320d M Sport,2013,Dizel,Yarı Otomatik,195.000,184 hp,1995 cc,515000
316i Sport Line,2013,Benzin,Yarı Otomatik,147.000,136 hp,1598 cc,525000
320d Edition Comfort,2011,Dizel,Otomatik,250.000,184 hp,1995 cc,279500
318i Standart,2006,Benzin & LPG,Otomatik,274.000,129 hp,1995 cc,242500
320d Techno Plus,2013,Dizel,Yarı Otomatik,288.500,184 hp,1995 cc,438500
320d Comfort,2012,Dizel,Yarı Otomatik,201.000,184 hp,1995 cc,497500
320i ED 40th Year Edition,2015,Benzin,Yarı Otomatik,83.773,170 hp,1598 cc,720000
318tds Touring,1996,Dizel,Manuel,170.000,90 hp,1665 cc,180000
320i ED Sport Line,2014,Benzin,Yarı Otomatik,211.000,170 hp,1598 cc,457900
320d Edition Comfort,2011,Dizel,Otomatik,194.000,184 hp,1995 cc,340000
320d xDrive Edition M Sport,2017,Dizel,Otomatik,109.000,190 hp,1995 cc,928000
318i Prestige,2017,Benzin,Yarı Otomatik,77.000,136 hp,1499 cc,636000
320i,2000,Benzin & LPG,Otomatik,160.000,150 hp,1991 cc,215000
316i Comfort,2012,Benzin & LPG,Otomatik,183.000,136 hp,1598 cc,319000
316i Standart,2013,Benzin,Otomatik,159.000,136 hp,1598 cc,435000
320d Standart,2011,Dizel,Otomatik,239.000,184 hp,1995 cc,285000
320d Premium Line,2018,Dizel,Otomatik,81.277,190 hp,1995 cc,810000
318i Prestige,2016,Benzin,Yarı Otomatik,150.000,136 hp,1499 cc,550000
316i Standart,2011,Benzin,Otomatik,120.000,116 hp,1596 cc,304000
320i,2011,Benzin,Otomatik,149.000,156 hp,1995 cc,497500
320d GT Premium,2013,Dizel,Yarı Otomatik,294.000,184 hp,1995 cc,525000
320i ED 40th Year Edition,2016,Benzin,Yarı Otomatik,71.000,170 hp,1598 cc,655000
318Ci,2004,Benzin & LPG,Otomatik,221.000,143 hp,1995 cc,195000
320i First Edition Sport Line,2020,Benzin,Otomatik,24.500,170 hp,1597 cc,1100000
320i ED Luxury M Plus,2014,Benzin,Otomatik,199.000,170 hp,1598 cc,572000
320i Cabrio,2008,Benzin,Otomatik,174.000,170 hp,1995 cc,485000
320d Standart,2003,Dizel,Otomatik,225.000,150 hp,1995 cc,215000
320d Comfort,2010,Dizel,Yarı Otomatik,180.000,177 hp,1995 cc,339000
320d xDrive Luxury Line,2014,Dizel,Yarı Otomatik,179.000,184 hp,1995 cc,594000
320d Standart,2011,Dizel,Otomatik,246.500,184 hp,1995 cc,395000
320d Premium,2012,Dizel,Yarı Otomatik,220.000,184 hp,1995 cc,335000
316i Compact,1996,Benzin & LPG,Otomatik,250.000,102 hp,1596 cc,87500
318d Prestige,2017,Dizel,Otomatik,85.000,150 hp,1995 cc,705000
320d Luxury,2012,Dizel,Yarı Otomatik,191.000,184 hp,1995 cc,485000
320i First Edition M Sport,2019,Benzin,Otomatik,37.000,170 hp,1597 cc,1190000
318d Sport Plus,2017,Dizel,Otomatik,104.000,150 hp,1995 cc,700000
320i Premium,2007,Benzin,Yarı Otomatik,165.000,170 hp,1995 cc,269950
316i Sport Line,2012,Benzin,Yarı Otomatik,154.000,136 hp,1598 cc,495000
320i ED M Plus,2016,Benzin,Yarı Otomatik,90.000,170 hp,1598 cc,750000
318i M Joy,2015,Benzin,Yarı Otomatik,105.000,136 hp,1499 cc,519950
316i Standart,2014,Benzin,Otomatik,160.000,136 hp,1598 cc,499000
320d M Sport,2011,Dizel,Otomatik,253.000,184 hp,1995 cc,380000
320i First Edition M Sport,2021,Benzin,Otomatik,15.750,170 hp,1597 cc,1170000
316i Standart,2011,Benzin,Otomatik,99.000,116 hp,1596 cc,335000
320i ED Sport Line,2016,Benzin,Yarı Otomatik,225.000,170 hp,1598 cc,550000
316i M Sport,2012,Benzin,Otomatik,183.000,116 hp,1596 cc,515000
316i Standart,1992,Benzin & LPG,Manuel,300.000,99 hp,1596 cc,71500
320i First Edition Sport Line,2020,Benzin,Otomatik,36.000,170 hp,1597 cc,1020000
320i First Edition Sport Line,2021,Benzin,Otomatik,13.700,170 hp,1597 cc,1095000
318i Joy,2016,Benzin,Yarı Otomatik,38.000,136 hp,1499 cc,629000
320i ED Standart,2014,Benzin,Otomatik,130.500,170 hp,1598 cc,520000
316i Standart,2010,Benzin & LPG,Manuel,269.900,115 hp,1597 cc,265000
320d Edition Comfort,2012,Dizel,Otomatik,235.000,184 hp,1995 cc,385900
320i ED 40th Year Edition,2016,Benzin,Yarı Otomatik,128.000,170 hp,1598 cc,795000
320i ED Modern Line,2014,Benzin,Otomatik,51.000,170 hp,1598 cc,625000
320i First Edition Sport Line,2020,Benzin,Otomatik,19.000,170 hp,1597 cc,1125000
320i ED 40th Year Edition,2015,Benzin,Yarı Otomatik,161.000,170 hp,1598 cc,624000
316i M Sport,2014,Benzin,Yarı Otomatik,120.000,136 hp,1598 cc,549000
318i M Joy Plus,2016,Benzin,Yarı Otomatik,62.000,136 hp,1499 cc,577500
316i M Sport,2014,Benzin,Yarı Otomatik,126.000,136 hp,1598 cc,630000
316i Comfort,2014,Benzin,Otomatik,150.000,136 hp,1598 cc,510000
320d Comfort,2013,Dizel,Otomatik,94.000,188 hp,1900 cc,623500
320i ED Joy,2016,Benzin,Yarı Otomatik,59.830,170 hp,1598 cc,621000
320d Edition Comfort,2012,Dizel,Otomatik,143.000,184 hp,1995 cc,415000
320i First Edition Luxury Line,2021,Benzin,Otomatik,0,170 hp,1597 cc,1285000
328i M Sport,2012,Benzin,Otomatik,153.000,245 hp,1997 cc,775000
316i Comfort,2012,Benzin,Otomatik,165.000,136 hp,1598 cc,435000
320i ED Standart,2014,Benzin,Otomatik,140.000,170 hp,1598 cc,478500
316i Luxury Line,2012,Benzin,Yarı Otomatik,258.000,136 hp,1598 cc,398000
320i Cabrio,1997,Benzin & LPG,Manuel,180.000,150 hp,1991 cc,225000
318i Standart,2016,Benzin,Otomatik,80.000,136 hp,1499 cc,609000
320d xDrive Premium,2017,Dizel,Yarı Otomatik,149.000,190 hp,1995 cc,739750
320d Sport Line,2013,Dizel,Otomatik,185.000,184 hp,1995 cc,586500
320d Sport Line,2014,Dizel,Yarı Otomatik,165.000,184 hp,1995 cc,600000
318i Standart,1993,Benzin & LPG,Manuel,3.000,115 hp,1796 cc,79000
316i Standart,2004,Benzin,Manuel,210.000,115 hp,1596 cc,175000
320d Touring,2001,Dizel,Manuel,298.341,150 hp,1995 cc,145000
320i ED 40th Year Edition,2016,Benzin,Yarı Otomatik,101.000,163 hp,1450 cc,860000
316i Standart,2001,Benzin & LPG,Manuel,325.000,105 hp,1595 cc,140000
316i Premium,2009,Benzin & LPG,Manuel,198.000,122 hp,1597 cc,283000
320d Standart,2003,Dizel,Otomatik,325.000,150 hp,1995 cc,205000
320d M Sport,2011,Dizel,Otomatik,169.000,184 hp,1995 cc,335000
320d Edition Comfort,2012,Dizel,Otomatik,110.226,184 hp,1995 cc,388000
320d Modern Line,2014,Dizel,Yarı Otomatik,153.000,184 hp,1995 cc,595000
320d Sport Line,2013,Dizel,Yarı Otomatik,185.000,184 hp,1995 cc,575000
320i First Edition M Sport,2020,Benzin,Otomatik,6.000,170 hp,1597 cc,1099000
318i Standart,2007,Benzin,Otomatik,113.000,129 hp,1995 cc,355000
318i 40th Year Edition,2017,Benzin,Otomatik,80.000,136 hp,1499 cc,770000
320i ED Luxury Line,2014,Benzin,Otomatik,99.000,170 hp,1598 cc,610000
318i Edition M Sport,2018,Benzin,Otomatik,181.445,136 hp,1499 cc,636000
320d xDrive M Sport,2010,Dizel,Otomatik,373.000,188 hp,1900 cc,335000
316i Sport Line,2013,Benzin,Yarı Otomatik,132.000,136 hp,1598 cc,510000
320i ED 40th Year Edition,2016,Benzin,Yarı Otomatik,78.000,170 hp,1598 cc,865000
328i,1999,Benzin & LPG,Otomatik,190.000,193 hp,2793 cc,172000
330Ci,2004,Benzin & LPG,Otomatik,260.000,231 hp,2979 cc,300000
316i Standart,2011,Benzin,Otomatik,157.000,116 hp,1596 cc,380000
320i First Edition Sport Line,2021,Benzin,Otomatik,12.500,170 hp,1597 cc,1150000
316i Standart,2005,Benzin & LPG,Manuel,265.000,115 hp,1596 cc,148750
320d Comfort,2011,Dizel,Yarı Otomatik,273.000,184 hp,1995 cc,370000
318i Edition Sport Line,2017,Benzin,Otomatik,112.500,136 hp,1499 cc,628000
320i ED Sport Line,2016,Benzin,Yarı Otomatik,117.000,170 hp,1598 cc,525000
320i ED M Plus,2015,Benzin,Yarı Otomatik,83.000,170 hp,1598 cc,675000
320i ED M Plus,2016,Benzin,Yarı Otomatik,225.000,170 hp,1598 cc,685000
320i ED Standart,2015,Benzin,Otomatik,107.000,170 hp,1598 cc,494000
320i ED Standart,2014,Benzin,Otomatik,180.000,170 hp,1598 cc,425000
320i ED Sport Plus,2015,Benzin,Yarı Otomatik,98.000,170 hp,1598 cc,587500
320d xDrive Modern Line,2013,Dizel,Otomatik,220.000,184 hp,1995 cc,495000
316i M Sport,2014,Benzin,Yarı Otomatik,182.000,136 hp,1598 cc,515000
320i ED Techno Plus,2014,Benzin,Otomatik,147.000,170 hp,1598 cc,510000
320i First Edition Sport Line,2021,Benzin,Otomatik,30,170 hp,1597 cc,1245000
320i ED Standart,2014,Benzin,Otomatik,219.000,170 hp,1598 cc,535000
320i ED M Plus,2014,Benzin,Yarı Otomatik,64.000,170 hp,1598 cc,675000
320i ED Joy,2016,Benzin,Yarı Otomatik,112.000,170 hp,1598 cc,599500
320d Premium,2011,Dizel,Otomatik,143.700,177 hp,1995 cc,275000
320d Edition Comfort,2011,Dizel,Otomatik,186.000,184 hp,1995 cc,259000
320d xDrive Standart,2013,Dizel,Otomatik,169.000,184 hp,1995 cc,580000
320d Techno Plus,2013,Dizel,Yarı Otomatik,131.000,184 hp,1995 cc,615000
316i Standart,2004,Benzin & LPG,Manuel,249.900,115 hp,1596 cc,230500
320i ED 40th Year Edition,2015,Benzin,Yarı Otomatik,104.000,170 hp,1598 cc,509000
320i,1997,Benzin,Manuel,158.000,150 hp,1991 cc,215000
320d Standart,2010,Dizel,Otomatik,120.000,184 hp,1995 cc,395000
316i M Sport,2014,Benzin,Yarı Otomatik,136.850,136 hp,1598 cc,537000
320i ED 40th Year Edition,2016,Benzin,Yarı Otomatik,97.000,170 hp,1598 cc,685000
316i M Sport,2013,Benzin,Yarı Otomatik,200.000,136 hp,1598 cc,455000
320i,2008,Benzin & LPG,Otomatik,219.000,170 hp,1995 cc,328750
320d M Sport,2009,Dizel,Otomatik,178.000,177 hp,1995 cc,610000
320i,2007,Benzin,Otomatik,147.000,150 hp,1995 cc,315000
316i M Sport,2015,Benzin,Yarı Otomatik,60.000,136 hp,1598 cc,620000
320d xDrive Sport Line,2013,Dizel,Yarı Otomatik,232.000,184 hp,1995 cc,485000
320d Edition Comfort,2011,Dizel,Otomatik,252.000,184 hp,1995 cc,319500
320i First Edition Luxury Line,2020,Benzin,Otomatik,21.000,170 hp,1597 cc,1245000
320i ED 40th Year Edition,2015,Benzin,Yarı Otomatik,186.000,170 hp,1598 cc,615000
320i,1997,Benzin,Manuel,375.869,150 hp,1991 cc,265000
318i Standart,1992,Benzin & LPG,Manuel,248.000,113 hp,1796 cc,69750
318is,1994,Benzin & LPG,Manuel,431.000,140 hp,1796 cc,137500
320i,2008,Benzin,Otomatik,184.000,170 hp,1995 cc,320000
320d xDrive Techno Plus,2013,Dizel,Yarı Otomatik,209.000,184 hp,1995 cc,455000
316i Standart,1991,Benzin & LPG,Manuel,400.000,99 hp,1596 cc,85000
320i ED Sport Line,2015,Benzin,Yarı Otomatik,65.000,170 hp,1598 cc,780000
320i ED Sport Line,2014,Benzin,Yarı Otomatik,156.000,170 hp,1598 cc,605000
320i ED Techno Plus,2015,Benzin,Otomatik,95.000,170 hp,1598 cc,595000
316i Standart,1997,Benzin,Manuel,500.000,102 hp,1596 cc,118000
316i Standart,1992,Benzin & LPG,Otomatik,237.000,99 hp,1596 cc,83000
318i Standart,1991,Benzin & LPG,Manuel,213.000,113 hp,1796 cc,61000
320d xDrive M Sport,2013,Dizel,Yarı Otomatik,240.000,184 hp,1995 cc,539000
320d Premium Line,2018,Dizel,Otomatik,107.000,190 hp,1995 cc,750000
320i,2013,Benzin,Otomatik,212.600,184 hp,1997 cc,442500
318i Standart,2001,Benzin & LPG,Otomatik,222.000,143 hp,1995 cc,162000
328i,1995,Benzin & LPG,Manuel,294.000,193 hp,2793 cc,144000
316i M Sport,2014,Benzin,Yarı Otomatik,145.000,136 hp,1598 cc,480000
320i ED Modern Line,2014,Benzin,Otomatik,59.300,163 hp,1450 cc,589000
320i,1998,Benzin & LPG,Manuel,510,150 hp,1991 cc,110500
320d Standart,2008,Dizel,Otomatik,230.000,177 hp,1995 cc,265000
318i Standart,1988,Benzin,Manuel,287.000,113 hp,1796 cc,280750
320i,2008,Benzin,Otomatik,160.000,170 hp,1995 cc,399000
320i First Edition M Sport,2019,Benzin,Otomatik,62.000,170 hp,1597 cc,1080000
320d Techno Plus,2013,Dizel,Yarı Otomatik,117.000,184 hp,1995 cc,593320
320d xDrive Standart,2014,Dizel,Otomatik,194.000,184 hp,1995 cc,520000
318i Standart,2004,Benzin & LPG,Manuel,307.000,143 hp,1995 cc,162500
320i M Sport,2010,Benzin & LPG,Otomatik,10.000,188 hp,1900 cc,390000
316i M Sport,2015,Benzin,Yarı Otomatik,142.000,136 hp,1598 cc,545000
320i,2000,Benzin & LPG,Otomatik,263.000,170 hp,1991 cc,185000
320d Standart,2013,Dizel,Otomatik,190.000,184 hp,1995 cc,510000
320d xDrive Premium Line,2018,Dizel,Otomatik,145.000,190 hp,1995 cc,810000
318i Standart,2007,Benzin & LPG,Otomatik,270.000,143 hp,1995 cc,218000
320d Standart,2003,Dizel,Otomatik,340.000,150 hp,1995 cc,154000
318Ci,2002,Benzin & LPG,Otomatik,275.000,138 hp,1900 cc,170000
320i Cabrio,2011,Benzin,Otomatik,180.000,188 hp,1900 cc,679900
318d Prestige,2017,Dizel,Otomatik,220.000,150 hp,1995 cc,589000
318Ci,2005,Benzin,Otomatik,280.000,143 hp,1995 cc,220000
320i ED 40th Year Edition,2015,Benzin,Yarı Otomatik,86.000,170 hp,1598 cc,695000
320d Premium Line,2017,Dizel,Yarı Otomatik,142.000,188 hp,2250 cc,755750
316ti Compact,2003,Benzin & LPG,Manuel,300.000,115 hp,1596 cc,115000
320d Techno Plus,2014,Dizel,Yarı Otomatik,142.000,184 hp,1995 cc,558000
320i First Edition M Sport,2021,Benzin,Otomatik,40.000,170 hp,1597 cc,1289000
320i ED M Plus,2015,Benzin,Yarı Otomatik,140.000,170 hp,1598 cc,685000
320i ED Modern Line,2014,Benzin,Otomatik,190.000,170 hp,1598 cc,595000
320i,1994,Benzin,Manuel,268.000,150 hp,1991 cc,115000
320i,1994,Benzin,Manuel,407.500,150 hp,1991 cc,130000
316i Standart,2006,Benzin & LPG,Manuel,285.000,115 hp,1596 cc,210000
325i Standart,1988,Benzin,Manuel,80.000,213 hp,2750 cc,135000
318i Standart,2001,Benzin & LPG,Otomatik,362.000,143 hp,1995 cc,147000
320i ED M Plus,2014,Benzin,Yarı Otomatik,111.000,170 hp,1598 cc,542500
320d Edition Comfort,2012,Dizel,Otomatik,240.400,184 hp,1995 cc,499000
320i ED Sport Plus,2015,Benzin,Yarı Otomatik,85.000,170 hp,1598 cc,695000
320d Techno Plus,2015,Dizel,Yarı Otomatik,141.180,190 hp,1995 cc,685000
318is,1997,Benzin & LPG,Manuel,280.000,140 hp,1796 cc,137500
320d Sport Line,2015,Dizel,Yarı Otomatik,198.000,184 hp,1995 cc,619500
320i ED Sport Line,2013,Benzin,Yarı Otomatik,185.000,170 hp,1598 cc,472500
318d M Plus,2017,Dizel,Otomatik,87.000,150 hp,1995 cc,890000
318i Touring,1994,Benzin,Manuel,350.000,113 hp,1796 cc,215000
320d Edition Comfort,2012,Dizel,Otomatik,175.000,184 hp,1995 cc,465000
320d Edition M Sport,2018,Dizel,Otomatik,50.164,190 hp,1995 cc,975000
316i Standart,1995,Benzin & LPG,Manuel,308.000,102 hp,1596 cc,72950
320i ED Sport Line,2016,Benzin,Yarı Otomatik,90.000,170 hp,1598 cc,644500
318i M Joy Plus,2016,Benzin,Yarı Otomatik,130.000,136 hp,1499 cc,549500
320i ED Standart,2015,Benzin,Otomatik,90.000,170 hp,1598 cc,585000
320d Modern Line,2013,Dizel,Yarı Otomatik,259.000,184 hp,1995 cc,480000
325i Standart,1992,Benzin & LPG,Manuel,380.000,192 hp,2494 cc,95000
316i Standart,1997,Benzin & LPG,Manuel,197.000,102 hp,1596 cc,106000
320d Standart,2001,Dizel,Otomatik,295.000,150 hp,1995 cc,152000
316i Technology,2013,Benzin,Yarı Otomatik,191.000,136 hp,1598 cc,392500
320d Techno Plus,2012,Dizel,Yarı Otomatik,243.000,184 hp,1995 cc,410000
320d Standart,2010,Dizel,Otomatik,280.000,184 hp,1995 cc,305000
320i Cabrio,1994,Benzin & LPG,Manuel,378.000,150 hp,1991 cc,202000
320d Sport Line,2012,Dizel,Yarı Otomatik,188.000,184 hp,1995 cc,625000
320d Standart,2011,Dizel,Otomatik,212.000,184 hp,1995 cc,325000
320d M Sport,2010,Dizel,Otomatik,244.000,184 hp,1995 cc,335000
318i Premium Line,2018,Benzin,Otomatik,35.500,136 hp,1499 cc,712000
316i Standart,2010,Benzin,Otomatik,230.000,116 hp,1596 cc,286500
316i Standart,1996,Benzin & LPG,Manuel,217.000,102 hp,1596 cc,120000
318i M Joy Plus,2016,Benzin,Yarı Otomatik,115.232,136 hp,1499 cc,610000
320i First Edition M Sport,2021,Benzin,Otomatik,19.000,170 hp,1597 cc,1301000
320d Premium,2006,Dizel,Otomatik,425,163 hp,1995 cc,216500
316i Premium,2009,Benzin & LPG,Manuel,339.000,122 hp,1597 cc,255000
318i Standart,2004,Benzin & LPG,Otomatik,367.000,138 hp,1700 cc,189500
316i Standart,2012,Benzin,Otomatik,218.000,136 hp,1598 cc,405000
316i Standart,2007,Benzin & LPG,Manuel,271.000,115 hp,1596 cc,228000
320d Premium,2006,Dizel,Otomatik,299.250,163 hp,1995 cc,252500
320d Comfort,2013,Dizel,Otomatik,192.000,188 hp,1900 cc,495000
316ti Compact,2002,Benzin,Manuel,156.000,115 hp,1596 cc,145000
330Ci,2004,Benzin & LPG,Otomatik,262.000,231 hp,2979 cc,415000
320i,1999,Benzin & LPG,Otomatik,328.000,150 hp,1991 cc,158000
320i ED Luxury Line Plus,2014,Benzin,Yarı Otomatik,77.000,170 hp,1598 cc,675000
320d Premium,2008,Dizel,Otomatik,240.000,177 hp,1995 cc,305300
316i Standart,1991,Benzin & LPG,Manuel,75.000,99 hp,1596 cc,48500
316i M Sport,2015,Benzin,Otomatik,129.000,138 hp,1900 cc,635750
320i,1992,Benzin & LPG,Manuel,271.000,150 hp,1991 cc,91000
320d xDrive Techno Plus,2016,Dizel,Yarı Otomatik,174.000,190 hp,1995 cc,688000
320i,1993,Benzin,Manuel,262.476,150 hp,1991 cc,135000
320i,2011,Benzin,Otomatik,135.000,156 hp,1995 cc,515000
320i ED Standart,2014,Benzin,Otomatik,249.000,170 hp,1598 cc,459000
320d Comfort,2012,Dizel,Yarı Otomatik,150.000,184 hp,1995 cc,520000
320d Premium,2008,Dizel,Yarı Otomatik,275.000,177 hp,1995 cc,308000
316i Standart,2006,Benzin,Manuel,200.000,115 hp,1596 cc,280000
316i Technology,2013,Benzin,Yarı Otomatik,160.000,136 hp,1598 cc,485000
320Ci,2001,Benzin & LPG,Otomatik,267.000,150 hp,1991 cc,225000
318i Prestige,2015,Benzin,Yarı Otomatik,99.500,136 hp,1499 cc,560000
320d Edition Comfort,2011,Dizel,Otomatik,118.000,184 hp,1995 cc,395000
320i First Edition M Sport,2019,Benzin,Otomatik,32.000,170 hp,1597 cc,1090000
320i ED M Plus,2014,Benzin,Yarı Otomatik,123.000,170 hp,1598 cc,595000
316i Modern Line,2013,Benzin,Yarı Otomatik,107.000,136 hp,1598 cc,483000
320d Technology,2015,Dizel,Yarı Otomatik,153.000,184 hp,1995 cc,650000
320i First Edition Sport Line,2021,Benzin,Otomatik,50,170 hp,1597 cc,1228000
320i First Edition Sport Line,2021,Benzin,Otomatik,0,170 hp,1597 cc,1225000
316i Standart,2011,Benzin,Otomatik,206.000,116 hp,1596 cc,283500
320d xDrive Standart,2013,Dizel,Otomatik,174.000,184 hp,1995 cc,557000
320d Sport Line,2012,Dizel,Yarı Otomatik,186.000,184 hp,1995 cc,620000
320i ED Sport Line,2016,Benzin,Yarı Otomatik,110.000,170 hp,1598 cc,560000
325i Standart,1994,Benzin & LPG,Manuel,251.000,192 hp,2494 cc,139900
320d Standart,2010,Dizel,Otomatik,321.000,177 hp,1995 cc,297500
320d Edition Comfort,2012,Dizel,Otomatik,281.000,184 hp,1995 cc,340000
320i First Edition Sport Line,2021,Benzin,Otomatik,0,170 hp,1597 cc,1225000
316i Standart,2011,Benzin,Otomatik,206.000,116 hp,1596 cc,283500
320d xDrive Standart,2013,Dizel,Otomatik,174.000,184 hp,1995 cc,557000
320d Sport Line,2012,Dizel,Yarı Otomatik,186.000,184 hp,1995 cc,620000
320i ED Sport Line,2016,Benzin,Yarı Otomatik,110.000,170 hp,1598 cc,560000
325i Standart,1994,Benzin & LPG,Manuel,251.000,192 hp,2494 cc,139900
320d Standart,2010,Dizel,Otomatik,321.000,177 hp,1995 cc,297500
320d Edition Comfort,2012,Dizel,Otomatik,281.000,184 hp,1995 cc,340000
320i,2001,Benzin & LPG,Manuel,265.000,170 hp,2171 cc,175000
320i Sport Line,2021,Benzin,Yarı Otomatik,19.771,163 hp,1450 cc,1125000
320i First Edition M Sport,2022,Benzin,Otomatik,0,170 hp,1597 cc,1360000
320i ED Edition,2015,Benzin,Otomatik,150.000,170 hp,1598 cc,592500
320i First Edition Sport Line,2020,Benzin,Otomatik,12.500,170 hp,1597 cc,1090000
320i ED Luxury Line Plus,2014,Benzin,Yarı Otomatik,103.000,170 hp,1598 cc,580000
320d Techno Plus,2014,Dizel,Yarı Otomatik,202.000,184 hp,1995 cc,415000
320i Cabrio,1994,Benzin & LPG,Manuel,315.000,150 hp,1991 cc,245000
320i First Edition Luxury Line,2021,Benzin,Otomatik,8.400,170 hp,1597 cc,1185000
320d Premium,2006,Dizel,Otomatik,343.255,163 hp,1995 cc,260000
318ti Compact,1997,Benzin & LPG,Manuel,303.000,140 hp,1895 cc,100000
320i First Edition M Sport,2022,Benzin,Otomatik,50,170 hp,1597 cc,1359000
320d Premium,2012,Dizel,Yarı Otomatik,200.000,184 hp,1995 cc,400000
320i First Edition M Sport,2020,Benzin,Otomatik,46.000,170 hp,1597 cc,1125000
318i Standart,2007,Benzin,Otomatik,210.000,143 hp,1995 cc,267000
320d Techno Plus,2015,Dizel,Yarı Otomatik,134.000,184 hp,1995 cc,649950
318i Edition M Sport,2017,Benzin,Otomatik,68.000,136 hp,1499 cc,730000
316i Techno Plus,2015,Benzin,Otomatik,142.500,136 hp,1598 cc,535000
316i Standart,2008,Benzin & LPG,Manuel,245.000,122 hp,1597 cc,185000
316i Standart,2008,Benzin & LPG,Manuel,340.000,115 hp,1597 cc,215000
316i Technology,2012,Benzin,Yarı Otomatik,210.000,136 hp,1598 cc,470000
320d xDrive Modern Line,2013,Dizel,Otomatik,205.000,184 hp,1995 cc,590000
320i ED Luxury Line Plus,2016,Benzin,Yarı Otomatik,104.000,170 hp,1598 cc,665000
320i ED Standart,2015,Benzin,Otomatik,108.000,170 hp,1598 cc,587000
316i Premium,2009,Benzin,Manuel,104.000,122 hp,1597 cc,345000
320d M Sport,2007,Dizel,Otomatik,250.000,177 hp,1995 cc,345000
320i ED Standart,2016,Benzin,Otomatik,102.000,170 hp,1598 cc,579000
316i Techno Plus,2015,Benzin,Otomatik,61.000,136 hp,1598 cc,598000
320i ED 40th Year Edition,2016,Benzin,Yarı Otomatik,93.000,170 hp,1598 cc,748000
320i,2000,Benzin & LPG,Manuel,380.000,170 hp,1991 cc,160000
316i M Sport,2015,Benzin,Yarı Otomatik,164.500,136 hp,1598 cc,548500
320i,1994,Benzin & LPG,Manuel,197.000,150 hp,1991 cc,110999
320d Premium,2010,Dizel,Otomatik,233.000,177 hp,1995 cc,322000
316i M Sport,2012,Benzin,Otomatik,214.000,138 hp,1450 cc,432000
320d xDrive Comfort,2011,Dizel,Otomatik,207.000,184 hp,1995 cc,368750
318i Edition Sport Line,2017,Benzin,Otomatik,109.000,136 hp,1499 cc,603500
320d Comfort,2010,Dizel,Yarı Otomatik,170.000,177 hp,1995 cc,368000
320i ED Sport Line,2016,Benzin,Yarı Otomatik,132.000,170 hp,1598 cc,450500
320i ED Sport Line,2016,Benzin,Yarı Otomatik,132.000,170 hp,1598 cc,450500
320i ED Sport Line,2016,Benzin,Yarı Otomatik,132.000,170 hp,1598 cc,450500
320i ED Standart,2014,Benzin,Otomatik,52.250,170 hp,1598 cc,650000
316i M Sport,2014,Benzin,Yarı Otomatik,205.000,136 hp,1598 cc,512000
320i Premium,2010,Benzin,Otomatik,126.000,163 hp,1900 cc,455000
320d Comfort,2012,Dizel,Yarı Otomatik,167.000,184 hp,1995 cc,335000
318Ci,2001,Benzin,Yarı Otomatik,250.000,138 hp,1700 cc,175000
320i ED 40th Year Edition,2016,Benzin,Yarı Otomatik,156.000,170 hp,1598 cc,550000
320i First Edition M Sport,2020,Benzin,Otomatik,18.560,170 hp,1597 cc,1225950
318i Edition M Sport,2018,Benzin,Otomatik,20.000,136 hp,1499 cc,825000
316i Techno Plus,2012,Benzin,Otomatik,127.000,136 hp,1598 cc,445000
320i ED Luxury Line,2016,Benzin,Otomatik,69.000,170 hp,1598 cc,675000
320i ED 40th Year Edition,2016,Benzin,Yarı Otomatik,61.000,170 hp,1598 cc,809750
320d Techno Plus,2013,Dizel,Yarı Otomatik,182.000,184 hp,1995 cc,520000
320d Techno Plus,2013,Dizel,Otomatik,225.000,238 hp,1900 cc,525000
320i ED Luxury Line Plus,2013,Benzin,Yarı Otomatik,215.000,188 hp,1900 cc,477750
320i First Edition M Sport,2022,Benzin,Otomatik,0,170 hp,1597 cc,1395000
320i,2010,Benzin,Otomatik,112.000,156 hp,1995 cc,429500
320i ED Sport Line,2016,Benzin,Yarı Otomatik,94.000,170 hp,1598 cc,690000
320i ED M Plus,2014,Benzin,Yarı Otomatik,99.900,170 hp,1598 cc,621500
320d Premium,2011,Dizel,Otomatik,209.000,188 hp,1900 cc,374000
320i ED M Sport,2013,Benzin,Otomatik,160.000,188 hp,1700 cc,569000
320i ED Sport Line,2013,Benzin,Yarı Otomatik,147.000,170 hp,1598 cc,569000
316ti Compact,2002,Benzin & LPG,Manuel,285.000,115 hp,1596 cc,134500
320d Edition Comfort,2011,Dizel,Otomatik,255.000,184 hp,1995 cc,332500
320d Techno Plus,2014,Dizel,Yarı Otomatik,230.000,184 hp,1995 cc,494000
320i ED Sport Line,2016,Benzin,Yarı Otomatik,99.000,170 hp,1598 cc,630000
316i Comfort,2012,Benzin,Otomatik,275.000,136 hp,1598 cc,371500
320i ED Standart,2013,Benzin,Otomatik,167.000,184 hp,1997 cc,394000
320i ED 40th Year Edition,2016,Benzin,Yarı Otomatik,70.000,170 hp,1598 cc,860000
320i ED Techno Plus,2014,Benzin,Otomatik,190.000,170 hp,1598 cc,477900
318i M Joy,2015,Benzin,Otomatik,112.000,138 hp,1450 cc,650000
320i ED 40th Year Edition,2015,Benzin,Yarı Otomatik,146.000,170 hp,1598 cc,673000
320d M Sport,2012,Dizel,Yarı Otomatik,208.000,184 hp,1995 cc,549000
320i ED Sport Line,2016,Benzin,Yarı Otomatik,69.964,170 hp,1598 cc,718000
320i ED Sport Line,2013,Benzin,Yarı Otomatik,118.000,170 hp,1598 cc,560000
320d xDrive Edition M Sport,2018,Dizel,Otomatik,85.000,190 hp,1995 cc,1030000
320d M Sport,2014,Dizel,Otomatik,191.000,138 hp,1900 cc,625000
320d Comfort,2011,Dizel,Yarı Otomatik,220.000,184 hp,1995 cc,355000
316i M Sport,2013,Benzin,Yarı Otomatik,245.000,136 hp,1598 cc,397500
325i Standart,1990,Benzin,Manuel,313.000,192 hp,2494 cc,315000
320d xDrive Premium Line,2018,Dizel,Otomatik,53.000,190 hp,1995 cc,910000
320i ED 40th Year Edition,2015,Benzin,Yarı Otomatik,124.000,170 hp,1598 cc,670000
320d M Sport,2011,Dizel,Otomatik,167.000,184 hp,1995 cc,399000
320d Techno Plus,2016,Dizel,Yarı Otomatik,70.000,188 hp,1900 cc,826000
318i Sport Plus,2017,Benzin,Otomatik,100.000,136 hp,1499 cc,640000
318i Premium Line,2017,Benzin,Otomatik,67.300,136 hp,1499 cc,675000
316Ci,2004,Benzin,Manuel,155.000,115 hp,1596 cc,235000
320d xDrive GT Sport Line,2014,Dizel,Yarı Otomatik,133.000,184 hp,1995 cc,685000
320i ED M Plus,2016,Benzin,Yarı Otomatik,110.000,170 hp,1598 cc,725000
316i Luxury Line,2012,Benzin,Yarı Otomatik,128.000,136 hp,1598 cc,472000
316i Standart,1996,Benzin & LPG,Manuel,330.000,102 hp,1596 cc,98000
320i ED Techno Plus,2014,Benzin,Otomatik,195.000,170 hp,1598 cc,550000
316i Luxury Line,2013,Benzin,Yarı Otomatik,109.000,136 hp,1598 cc,470000
318i Edition M Sport,2018,Benzin,Otomatik,75.552,136 hp,1499 cc,735000
315,1984,Benzin,Manuel,240.000,88 hp,1450 cc,175000
320d Edition M Sport,2018,Dizel,Otomatik,120.000,190 hp,1995 cc,729950
316i Sport Line,2012,Benzin,Yarı Otomatik,79.000,136 hp,1598 cc,449750
320i First Edition Sport Line,2021,Benzin,Otomatik,16.000,170 hp,1597 cc,1159000
320i ED Sport Plus,2016,Benzin,Yarı Otomatik,106.000,170 hp,1598 cc,612000
320d M Sport,2012,Dizel,Otomatik,180.000,184 hp,1995 cc,455000
320i First Edition M Sport,2021,Benzin,Otomatik,3.000,188 hp,1700 cc,1325000
318i Premium Line,2018,Benzin,Otomatik,59.000,136 hp,1499 cc,629000
320i ED Sport Line,2013,Benzin,Yarı Otomatik,160,170 hp,1598 cc,569000
316i M Sport,2014,Benzin,Yarı Otomatik,250.000,136 hp,1598 cc,560000
320i ED 40th Year Edition,2015,Benzin,Yarı Otomatik,229.500,170 hp,1598 cc,605000
320i ED Luxury M Plus,2013,Benzin,Otomatik,175.000,170 hp,1598 cc,473000
320i ED M Plus,2015,Benzin,Yarı Otomatik,142.000,170 hp,1598 cc,574500
316i M Sport,2015,Benzin,Yarı Otomatik,150.000,136 hp,1598 cc,548000
320d Techno Plus,2012,Dizel,Yarı Otomatik,248.000,184 hp,1995 cc,529000
320d M Sport,2012,Dizel,Yarı Otomatik,130.000,184 hp,1995 cc,805000
320i ED Luxury Line,2015,Benzin,Yarı Otomatik,181.000,170 hp,1598 cc,548000
316i Standart,2009,Benzin & LPG,Manuel,390.000,115 hp,1597 cc,208500
320d Techno Plus,2016,Dizel,Yarı Otomatik,137.000,190 hp,1995 cc,619000
320d Premium Line,2018,Dizel,Otomatik,48.000,190 hp,1995 cc,720000
320Ci,2003,Benzin & LPG,Otomatik,310.000,170 hp,2171 cc,307499
320d Premium,2008,Dizel,Otomatik,297.000,177 hp,1995 cc,262000
318i Standart,2004,Benzin & LPG,Otomatik,304.000,143 hp,1995 cc,195000
316i Standart,1994,Benzin & LPG,Manuel,335.000,99 hp,1596 cc,89950
318i Sport Plus,2017,Benzin,Otomatik,84.000,136 hp,1499 cc,675000
320d Technology,2012,Dizel,Yarı Otomatik,213.000,184 hp,1995 cc,439750
320d Sport Line,2012,Dizel,Yarı Otomatik,200.000,184 hp,1995 cc,472500
320i,2008,Benzin & LPG,Otomatik,308.000,170 hp,1995 cc,232750
320d Edition M Sport,2017,Dizel,Otomatik,128.000,190 hp,1995 cc,840000
316i Premium,2008,Benzin & LPG,Manuel,340.000,122 hp,1597 cc,255000
316i Comfort,2012,Benzin,Otomatik,118.000,113 hp,1450 cc,395000
316i Standart,1989,Benzin & LPG,Manuel,202.800,113 hp,1450 cc,105000
316i Premium,2008,Benzin & LPG,Manuel,228.000,122 hp,1597 cc,249000
320i ED Modern Line Plus,2014,Benzin,Otomatik,150.000,170 hp,1598 cc,560000
320i ED Sport Line,2015,Benzin,Yarı Otomatik,132.000,170 hp,1598 cc,487000
320d Edition Comfort,2012,Dizel,Otomatik,243.000,184 hp,1995 cc,335000
320i ED Sport Line,2016,Benzin,Yarı Otomatik,128.000,170 hp,1598 cc,600000
320i ED Luxury M Plus,2016,Benzin,Otomatik,92.500,170 hp,1598 cc,635000
320d Techno Plus,2016,Dizel,Yarı Otomatik,175.000,190 hp,1995 cc,630000
320i First Edition M Sport,2022,Benzin,Otomatik,1.230,163 hp,1450 cc,1485000
320i ED 40th Year Edition,2015,Benzin,Yarı Otomatik,93.000,170 hp,1598 cc,749000
320i ED Modern Line,2013,Benzin,Otomatik,147.000,170 hp,1598 cc,525000
320d M Sport,2012,Dizel,Otomatik,260.000,184 hp,1995 cc,385000
316i Premium,2011,Benzin & LPG,Yarı Otomatik,179.000,113 hp,1450 cc,305000
316i Sport Line,2014,Benzin,Yarı Otomatik,119.000,136 hp,1598 cc,535000
320d M Sport,2012,Dizel,Otomatik,188.000,184 hp,1995 cc,435000
320i First Edition M Sport,2021,Benzin,Otomatik,6.000,170 hp,1597 cc,1287000
320d xDrive Standart,2014,Dizel,Otomatik,176.000,184 hp,1995 cc,540000
320i ED Edition,2016,Benzin,Otomatik,162.000,170 hp,1598 cc,695000
320i,1999,Benzin & LPG,Otomatik,290.000,150 hp,1991 cc,182000
320d M Sport,2011,Dizel,Otomatik,375.000,184 hp,1995 cc,375000
320d M Sport,2011,Dizel,Otomatik,230.000,184 hp,1995 cc,385000
320d Premium Line,2018,Dizel,Otomatik,38.000,190 hp,1995 cc,1050000
320i Cabrio,2010,Benzin,Yarı Otomatik,185.250,163 hp,1900 cc,750000
320d M Sport,2016,Dizel,Yarı Otomatik,94.000,190 hp,1995 cc,645000
320i ED Sport Line,2014,Benzin,Yarı Otomatik,190.000,170 hp,1598 cc,496000
320i First Edition M Sport,2021,Benzin,Otomatik,3.000,170 hp,1597 cc,1525000
320d Premium,2008,Dizel,Otomatik,291.000,177 hp,1995 cc,262500
318i Standart,1993,Benzin & LPG,Manuel,498.000,115 hp,1796 cc,76500
318i Prestige,2017,Benzin,Yarı Otomatik,103.000,136 hp,1499 cc,698500
320i ED Modern Line,2013,Benzin,Otomatik,85.000,170 hp,1598 cc,552500
320d Standart,2013,Dizel,Otomatik,202.000,184 hp,1995 cc,480000
320i,1994,Benzin & LPG,Otomatik,330.000,150 hp,1991 cc,101900
316i M Sport,2013,Benzin,Otomatik,77.000,138 hp,1450 cc,600000
318i Prestige,2017,Benzin,Yarı Otomatik,67.000,136 hp,1499 cc,684000
320i,1998,Benzin & LPG,Otomatik,302.000,150 hp,1991 cc,185000
316i Comfort,2011,Benzin,Otomatik,232.000,113 hp,1450 cc,268850
320d Prestige,2017,Dizel,Yarı Otomatik,85.000,190 hp,1995 cc,925000
320i First Edition M Sport,2022,Benzin,Otomatik,0,170 hp,1597 cc,1375000
320i ED 40th Year Edition,2016,Benzin,Yarı Otomatik,65.000,170 hp,1598 cc,820000
316i Standart,1996,Benzin & LPG,Otomatik,420.000,102 hp,1596 cc,103500
318i Standart,2007,Benzin & LPG,Otomatik,258.000,129 hp,1995 cc,299000
320d xDrive GT Sport Line,2014,Dizel,Otomatik,159.000,188 hp,1900 cc,645000
320d Premium,2008,Dizel,Otomatik,145.000,177 hp,1995 cc,365000
320d Edition M Sport,2018,Dizel,Otomatik,33.000,190 hp,1995 cc,925000
320i First Edition M Sport,2019,Benzin,Otomatik,9.000,170 hp,1597 cc,1100000
316i M Sport,2013,Benzin,Yarı Otomatik,115.000,136 hp,1598 cc,590000
320i,2008,Benzin,Otomatik,237.000,170 hp,1995 cc,296000
320i ED M Plus,2015,Benzin,Yarı Otomatik,137.300,170 hp,1598 cc,565000
316i Sport Line,2012,Benzin,Yarı Otomatik,158.000,136 hp,1598 cc,485000
320i ED Luxury Line Plus,2014,Benzin,Yarı Otomatik,98.000,170 hp,1598 cc,610000
320i ED 40th Year Edition,2016,Benzin,Yarı Otomatik,118.000,170 hp,1598 cc,715000
320i,2012,Benzin,Otomatik,225.000,184 hp,1997 cc,435000
320d xDrive Premium,2014,Dizel,Yarı Otomatik,298.000,184 hp,1995 cc,480000
318d M Plus,2017,Dizel,Otomatik,147.000,150 hp,1995 cc,685000
320i Executive M Sport,2021,Benzin,Yarı Otomatik,0,163 hp,1450 cc,1375000
316i Luxury Line,2013,Benzin,Yarı Otomatik,140.000,136 hp,1598 cc,548000
316i Sport Line,2012,Benzin,Yarı Otomatik,191.900,136 hp,1598 cc,430000
316i Standart,2005,Benzin,Manuel,147.000,115 hp,1596 cc,201750
320i ED Techno Plus,2013,Benzin,Otomatik,79.000,170 hp,1598 cc,515000
320d Edition Comfort,2011,Dizel,Otomatik,268.000,184 hp,1995 cc,330000
320d Technology,2013,Dizel,Yarı Otomatik,154.000,184 hp,1995 cc,509000
320d M Sport,2013,Dizel,Yarı Otomatik,195.500,184 hp,1995 cc,635000
320d Sport Line,2012,Dizel,Yarı Otomatik,209.000,184 hp,1995 cc,475000
318i Edition M Sport,2018,Benzin,Otomatik,28.169,138 hp,1450 cc,699750
320i Cabrio,2009,Benzin,Otomatik,99.000,170 hp,1995 cc,670000
318i Standart,2001,Benzin & LPG,Manuel,399.000,118 hp,1895 cc,155000
320i ED 40th Year Edition,2015,Benzin,Yarı Otomatik,162.000,170 hp,1598 cc,635000
328i,1997,Benzin,Manuel,185.000,193 hp,2793 cc,400000
316i M Sport,2012,Benzin & LPG,Otomatik,130.760,116 hp,1596 cc,408750
320d Premium,2005,Dizel,Otomatik,278.944,163 hp,1995 cc,207500
320i,1999,Benzin & LPG,Otomatik,230.000,150 hp,1991 cc,159999
318Ci,2001,Benzin & LPG,Manuel,230.000,118 hp,1895 cc,185000
320i First Edition Luxury Line,2019,Benzin,Otomatik,53.969,170 hp,1597 cc,1019000
320i ED Sport Line,2014,Benzin,Yarı Otomatik,119.000,170 hp,1598 cc,632900
320i First Edition Luxury Line,2019,Benzin,Otomatik,52.000,170 hp,1597 cc,1059000
316i Standart,1997,Benzin & LPG,Manuel,327.000,102 hp,1596 cc,85500
320d Standart,2014,Dizel,Otomatik,252.000,184 hp,1995 cc,460000
320i ED 40th Year Edition,2016,Benzin,Yarı Otomatik,99.850,170 hp,1598 cc,677000
320i ED Techno Plus,2014,Benzin,Yarı Otomatik,141.000,163 hp,1700 cc,505000
320i,1996,Benzin & LPG,Manuel,333.000,150 hp,1991 cc,100000
320i ED Sport Line,2015,Benzin,Yarı Otomatik,101.000,170 hp,1598 cc,638000
320d Modern Line,2012,Dizel,Yarı Otomatik,170.000,184 hp,1995 cc,500000
316i Premium,2009,Benzin & LPG,Manuel,299.999,122 hp,1597 cc,298000
320i,1999,Benzin & LPG,Otomatik,320.000,150 hp,1991 cc,182000
316i M Sport,2013,Benzin,Yarı Otomatik,157.500,136 hp,1598 cc,605000
320d Standart,2010,Dizel,Otomatik,111.300,184 hp,1995 cc,298000
320i ED Sport Line,2016,Benzin,Yarı Otomatik,150.000,170 hp,1598 cc,585000
316i Comfort,2012,Benzin,Otomatik,97.000,136 hp,1598 cc,523000
316i Comfort,2012,Benzin,Otomatik,134.000,136 hp,1598 cc,375000
318i M Joy Plus,2015,Benzin,Yarı Otomatik,122.000,136 hp,1499 cc,535000
320d Premium,2006,Dizel,Otomatik,329.000,163 hp,1995 cc,209000
318i Standart,2016,Benzin,Otomatik,160.000,136 hp,1499 cc,475000
320d M Sport,2010,Dizel,Yarı Otomatik,227.000,177 hp,1995 cc,270000
320i ED Sport Line,2014,Benzin,Yarı Otomatik,145.000,170 hp,1598 cc,580000
318i M Joy,2015,Benzin,Otomatik,81.000,138 hp,2350 cc,634500
318i Standart,2007,Benzin & LPG,Otomatik,257.000,143 hp,1995 cc,230000
320i ED Modern Line,2014,Benzin,Otomatik,141.000,170 hp,1598 cc,525000
320i ED Luxury Line,2016,Benzin,Yarı Otomatik,138.000,170 hp,1598 cc,649900
320i ED Sport Plus,2016,Benzin,Yarı Otomatik,122.500,170 hp,1598 cc,650000
320i,1990,Benzin & LPG,Manuel,180.000,150 hp,1991 cc,107000
320i Premium,2006,Benzin & LPG,Otomatik,269.000,150 hp,1995 cc,257000
328i,1993,Benzin & LPG,Manuel,278.000,188 hp,2750 cc,110000
320i ED 40th Year Edition,2016,Benzin,Yarı Otomatik,72.500,170 hp,1598 cc,850000
320d Standart,2012,Dizel,Otomatik,260.000,184 hp,1995 cc,442000
320d Standart,2014,Dizel,Otomatik,203.000,184 hp,1995 cc,650000
320d Standart,2011,Dizel,Otomatik,209.000,184 hp,1995 cc,310000
318i M Joy,2015,Benzin,Yarı Otomatik,100.000,136 hp,1499 cc,597500
320i First Edition M Sport,2019,Benzin,Otomatik,32.000,170 hp,1597 cc,1125000
316i M Sport,2014,Benzin,Yarı Otomatik,182.000,136 hp,1598 cc,450000
316i Technology,2014,Benzin,Otomatik,96.000,163 hp,4750 cc,650000
318i Standart,1990,Benzin & LPG,Manuel,329.000,113 hp,1796 cc,64500
316i M Sport,2014,Benzin,Yarı Otomatik,148.000,136 hp,1598 cc,522000
318i Standart,2001,Benzin & LPG,Otomatik,325.000,143 hp,1995 cc,158000
318i Standart,1996,Benzin & LPG,Manuel,325.000,115 hp,1796 cc,90000
316i Sport,2013,Benzin,Yarı Otomatik,146.000,163 hp,1700 cc,450000
320i ED Sport Line,2015,Benzin,Yarı Otomatik,128.000,170 hp,1598 cc,685000
316i Comfort,2011,Benzin,Yarı Otomatik,111.000,116 hp,1596 cc,440000
325i Standart,2003,Benzin & LPG,Manuel,320.000,192 hp,2494 cc,258000
320d Sport Line,2012,Dizel,Yarı Otomatik,213.000,184 hp,1995 cc,700000
320d Edition Comfort,2012,Dizel,Otomatik,245.000,184 hp,1995 cc,385000
320i ED Luxury M Plus,2015,Benzin,Otomatik,122.000,170 hp,1598 cc,545000
320d Techno Plus,2013,Dizel,Yarı Otomatik,211.000,184 hp,1995 cc,489500
316i Techno Plus,2013,Benzin,Otomatik,125.000,136 hp,1598 cc,477000
320i,1996,Benzin & LPG,Manuel,350.000,150 hp,1991 cc,158000
318i M Joy Plus,2016,Benzin,Yarı Otomatik,76.572,136 hp,1499 cc,679900
320i ED M Sport,2014,Benzin,Yarı Otomatik,120.000,113 hp,1450 cc,527000
320i First Edition M Sport,2020,Benzin,Otomatik,17.000,170 hp,1597 cc,1210000
318i Standart,2004,Benzin & LPG,Otomatik,217.500,143 hp,1995 cc,222500
320d xDrive Luxury Line,2014,Dizel,Yarı Otomatik,90.000,184 hp,1995 cc,680000
316ti Compact,2003,Benzin,Manuel,365.000,115 hp,1596 cc,127500
316i Standart,1989,Benzin,Manuel,144.000,238 hp,2750 cc,149750
320i,2009,Benzin,Otomatik,213,170 hp,1995 cc,407500
320d Modern Line,2012,Dizel,Yarı Otomatik,241.000,184 hp,1995 cc,420000
316i M Sport,2015,Benzin,Yarı Otomatik,114.000,136 hp,1598 cc,589500
320d Sport Line,2013,Dizel,Yarı Otomatik,202.000,184 hp,1995 cc,565000
320i ED Sport Line,2016,Benzin,Yarı Otomatik,62.000,170 hp,1598 cc,695000
316i Exclusive,2010,Benzin & LPG,Manuel,190.000,122 hp,1597 cc,325000
320i,2005,Benzin,Manuel,250.000,150 hp,1995 cc,280000
320i First Edition Luxury Line,2019,Benzin,Otomatik,29.000,170 hp,1597 cc,1040000
320i,1994,Benzin & LPG,Manuel,220,150 hp,1991 cc,132500
320d xDrive Techno Plus,2014,Dizel,Yarı Otomatik,175.000,188 hp,1900 cc,645000
320i ED Luxury Line,2014,Benzin,Otomatik,160.000,170 hp,1598 cc,522000
316i M Sport,2012,Benzin,Otomatik,140.000,116 hp,1596 cc,365000
320i First Edition M Sport,2020,Benzin,Otomatik,27.000,170 hp,1597 cc,1140000
318i Standart,2006,Benzin & LPG,Manuel,298.000,143 hp,1995 cc,228000
320i ED Luxury Line Plus,2015,Benzin,Yarı Otomatik,86.000,170 hp,1598 cc,695000
320i ED Standart,2014,Benzin,Otomatik,200.000,170 hp,1598 cc,440000
320d Premium,2006,Dizel,Otomatik,293.000,163 hp,1995 cc,270000
316i Modern Line,2012,Benzin,Yarı Otomatik,108.000,136 hp,1598 cc,430000
320d xDrive Techno Plus,2013,Dizel,Yarı Otomatik,198.000,184 hp,1995 cc,545000
330Ci,2001,Benzin & LPG,Manuel,267.000,231 hp,2979 cc,249999
320i,1995,Benzin & LPG,Manuel,280.000,150 hp,1991 cc,134500
320d Sport,2011,Dizel,Yarı Otomatik,239.000,184 hp,1995 cc,340000
320d M Sport,2012,Dizel,Yarı Otomatik,207.000,184 hp,1995 cc,580000
320d Premium,2010,Dizel,Otomatik,190.000,188 hp,2250 cc,355000
316i Standart,2000,Benzin,Manuel,299.000,105 hp,1595 cc,154000
320i ED Techno Plus,2014,Benzin,Otomatik,169.000,170 hp,1598 cc,445000
320d Techno Plus,2014,Dizel,Otomatik,221.000,188 hp,1900 cc,610000
320d Standart,2003,Dizel,Otomatik,255.000,150 hp,1995 cc,190750
320i ED 40th Year Edition,2015,Benzin,Yarı Otomatik,118.000,170 hp,1598 cc,593000
320i ED Standart,2016,Benzin,Otomatik,125.000,170 hp,1598 cc,750000
320d Standart,2007,Dizel,Otomatik,306.000,163 hp,1995 cc,235000
320i Cabrio,1994,Benzin & LPG,Manuel,278.000,150 hp,1991 cc,227500
320d xDrive Standart,2009,Dizel,Otomatik,335.000,177 hp,1995 cc,288000
316i Standart,2005,Benzin & LPG,Manuel,240.000,116 hp,1796 cc,189000
320d Premium,2011,Dizel,Otomatik,252.000,188 hp,1900 cc,310000
320i,2012,Benzin,Otomatik,258.000,184 hp,1997 cc,400000
320d Standart,2010,Dizel,Otomatik,281.000,177 hp,1995 cc,310000
320i ED Sport Line,2016,Benzin,Yarı Otomatik,149.000,170 hp,1598 cc,564000
318i Edition Sport Line,2017,Benzin,Otomatik,58.000,136 hp,1499 cc,720000
320i ED Sport Line,2015,Benzin,Yarı Otomatik,160.000,188 hp,1900 cc,475000
320d Premium,2006,Dizel,Otomatik,272.250,163 hp,1995 cc,279750
320d Standart,2012,Dizel,Otomatik,244.000,184 hp,1995 cc,415000
316i Comfort,2012,Benzin,Yarı Otomatik,214.500,116 hp,1596 cc,328500
320d Standart,2011,Dizel,Otomatik,275.000,184 hp,1995 cc,285000
320i ED Standart,2015,Benzin,Otomatik,126.000,170 hp,1598 cc,586000
320i ED 40th Year Edition,2016,Benzin,Yarı Otomatik,96.000,170 hp,1598 cc,663900
320i,1994,Benzin,Otomatik,96.655,150 hp,1991 cc,345000
320i ED Luxury M Plus,2014,Benzin,Otomatik,180.000,170 hp,1598 cc,550000
330Ci,2001,Benzin,Manuel,207.000,231 hp,2979 cc,245000
320d Comfort,2010,Dizel,Yarı Otomatik,253.000,177 hp,1995 cc,278000
318i M Joy Plus,2015,Benzin,Yarı Otomatik,148.000,136 hp,1499 cc,609000
320d Edition Comfort,2011,Dizel,Otomatik,175.000,184 hp,1995 cc,399000
320i First Edition M Sport,2021,Benzin,Otomatik,7.400,170 hp,1597 cc,1289000
316i Standart,2006,Benzin & LPG,Manuel,289.000,115 hp,1596 cc,236750
316ti Compact,2004,Benzin & LPG,Manuel,199.000,115 hp,1596 cc,145000
318i Edition M Sport,2018,Benzin,Otomatik,43.600,136 hp,1499 cc,800000
318i Edition Sport Line,2018,Benzin,Otomatik,85.000,136 hp,1499 cc,642000
320d Premium,2011,Dizel,Otomatik,253.000,177 hp,1995 cc,375000
320i,1998,Benzin & LPG,Otomatik,330.000,150 hp,1991 cc,153500
316i Premium,2006,Benzin & LPG,Manuel,178.000,163 hp,1450 cc,273000
316ti Compact,2002,Benzin,Manuel,198.000,115 hp,1596 cc,116000
320d Techno Plus,2013,Dizel,Yarı Otomatik,209.500,184 hp,1995 cc,524500
320i ED Sport Line,2015,Benzin,Yarı Otomatik,120.000,170 hp,1598 cc,675000
320d M Sport,2015,Dizel,Yarı Otomatik,180.000,184 hp,1995 cc,565000
316i M Sport,2014,Benzin,Yarı Otomatik,98.500,136 hp,1598 cc,655000
316i Comfort,2009,Benzin & LPG,Yarı Otomatik,261.750,113 hp,1450 cc,298750
320d M Sport,2011,Dizel,Otomatik,236.000,184 hp,1995 cc,288000
320d Premium,2011,Dizel,Otomatik,210.000,177 hp,1995 cc,355000
320i ED Standart,2015,Benzin,Otomatik,123.000,170 hp,1598 cc,558000
316i Comfort,2012,Benzin,Otomatik,99.000,136 hp,1598 cc,530000
316i Standart,2011,Benzin & LPG,Otomatik,200.000,116 hp,1596 cc,291500
320d M Sport,2011,Dizel,Otomatik,248.000,184 hp,1995 cc,326750
320i First Edition M Sport,2019,Benzin,Otomatik,19.000,170 hp,1597 cc,1130000
320d Edition Comfort,2012,Dizel,Otomatik,157.000,184 hp,1995 cc,379000
320i ED Luxury Line Plus,2016,Benzin,Yarı Otomatik,143.000,170 hp,1598 cc,629000
316i Comfort,2012,Benzin,Otomatik,148.165,136 hp,1598 cc,472500
320i ED Sport Line,2013,Benzin,Yarı Otomatik,228.000,170 hp,1598 cc,500000
323Ci,2000,Benzin,Manuel,264.000,170 hp,2494 cc,380000
320i ED Sport Line,2013,Benzin,Yarı Otomatik,135.000,170 hp,1598 cc,575000
320i ED Luxury Line Plus,2014,Benzin,Yarı Otomatik,118.500,170 hp,1598 cc,568320
320d M Sport,2012,Dizel,Otomatik,160.000,184 hp,1995 cc,403000
318is,1997,Benzin & LPG,Manuel,348.000,140 hp,1796 cc,127000
320i ED M Plus,2015,Benzin,Yarı Otomatik,146.000,170 hp,1598 cc,586500
316i Standart,1995,Benzin & LPG,Manuel,300.000,102 hp,1596 cc,89000
320d Sport Line,2012,Dizel,Yarı Otomatik,328.000,184 hp,1995 cc,465000
320d Premium,2010,Dizel,Otomatik,282.000,177 hp,1995 cc,317000
316i Standart,2006,Benzin & LPG,Manuel,274.000,115 hp,1596 cc,238000
320i ED Luxury Line,2014,Benzin,Otomatik,104.000,170 hp,1598 cc,635000
320d Premium Line,2018,Dizel,Yarı Otomatik,95.000,188 hp,1900 cc,710000
320i ED 40th Year Edition,2016,Benzin,Yarı Otomatik,100.000,170 hp,1598 cc,735000
320d Premium,2010,Dizel,Otomatik,254.000,177 hp,1995 cc,356000
320i ED 40th Year Edition,2016,Benzin,Yarı Otomatik,168.000,170 hp,1598 cc,485000
320i ED Sport Line,2013,Benzin,Yarı Otomatik,159.000,170 hp,1598 cc,580000
320i ED Sport Line,2014,Benzin,Yarı Otomatik,145.000,170 hp,1598 cc,585000
318i Standart,2001,Benzin & LPG,Otomatik,351.000,143 hp,1995 cc,175000
320i,1994,Benzin,Manuel,370.000,150 hp,1991 cc,120000
320i ED Techno Plus,2014,Benzin,Otomatik,133.000,170 hp,1598 cc,475000
320d Premium Line,2018,Dizel,Otomatik,43.000,190 hp,1995 cc,890000
324td Standart,1988,Dizel,Otomatik,179.000,113 hp,2250 cc,145000
320i,2007,Benzin,Otomatik,76.000,150 hp,1995 cc,447500
320d Premium,2006,Dizel,Otomatik,371.000,163 hp,1995 cc,285000
316i Standart,1993,Benzin & LPG,Manuel,341.000,102 hp,1596 cc,85000
320i,1994,Benzin & LPG,Manuel,376.000,150 hp,1991 cc,105000
320d M Sport,2008,Dizel,Otomatik,265.000,177 hp,1995 cc,345000
320d Comfort,2011,Dizel,Yarı Otomatik,164.000,184 hp,1995 cc,363000
320i,1994,Benzin,Manuel,207.000,150 hp,1991 cc,81000
320d Techno Plus,2016,Dizel,Otomatik,91.000,188 hp,1900 cc,665000
320i Premium,2008,Benzin & LPG,Yarı Otomatik,224.000,170 hp,1995 cc,265000
320d M Sport,2012,Dizel,Otomatik,237.000,184 hp,1995 cc,430000
316i Standart,1993,Benzin & LPG,Manuel,395.000,102 hp,1596 cc,81000
320d Standart,2011,Dizel,Otomatik,199.600,184 hp,1995 cc,469750
320d Premium,2006,Dizel,Otomatik,329.000,163 hp,1995 cc,248000
316i Standart,2000,Benzin & LPG,Manuel,292.000,105 hp,1595 cc,132500
318i Standart,1992,Benzin & LPG,Manuel,400.000,113 hp,1700 cc,66000
320i ED Luxury Line,2014,Benzin,Otomatik,193.000,170 hp,1598 cc,550000
320i,1994,Benzin & LPG,Otomatik,395.000,150 hp,1991 cc,90000
320i First Edition Sport Line,2021,Benzin,Otomatik,10.000,170 hp,1597 cc,1199000
316i Standart,2011,Benzin & LPG,Otomatik,160.000,116 hp,1596 cc,320000
320d Comfort,2012,Dizel,Yarı Otomatik,259.000,184 hp,1995 cc,335000
320i,1991,Benzin & LPG,Manuel,410.000,150 hp,1991 cc,77500
316i Modern Line,2012,Benzin,Yarı Otomatik,54.000,136 hp,1598 cc,525000
320i ED Sport Line,2015,Benzin,Yarı Otomatik,146.000,170 hp,1598 cc,605000
316i Standart,2007,Benzin,Manuel,200.000,122 hp,1597 cc,210000
318i Touring,1992,Benzin & LPG,Manuel,350.000,113 hp,1796 cc,64000
320d Premium,2006,Dizel,Otomatik,265.000,163 hp,1995 cc,272000
316i M Sport,2014,Benzin,Yarı Otomatik,120.000,136 hp,1598 cc,660000
320i First Edition M Sport,2019,Benzin,Otomatik,64.000,170 hp,1597 cc,1080000
320d Luxury,2012,Dizel,Yarı Otomatik,60.500,184 hp,1995 cc,635000
316i Standart,2005,Benzin & LPG,Manuel,268.000,115 hp,1596 cc,176750
320d GT Gran Turismo,2013,Dizel,Otomatik,275.000,184 hp,1995 cc,588000
318i Standart,2001,Benzin & LPG,Otomatik,340.000,118 hp,1895 cc,147500
320d M Sport,2012,Dizel,Otomatik,235.000,188 hp,1900 cc,448000
318is,1997,Benzin & LPG,Manuel,266.000,140 hp,1796 cc,87500
318is,1995,Benzin,Manuel,278.000,140 hp,1796 cc,187500
320d Premium,2006,Dizel,Otomatik,260,163 hp,1995 cc,187000
320i ED Sport Line,2015,Benzin,Yarı Otomatik,124.000,170 hp,1598 cc,580000
316i M Sport,2013,Benzin,Yarı Otomatik,138.000,136 hp,1598 cc,530000
320d Standart,2013,Dizel,Otomatik,270.000,184 hp,1995 cc,525000
320d Premium,2010,Dizel,Otomatik,260.000,177 hp,1995 cc,312900
318i M Joy Plus,2015,Benzin,Yarı Otomatik,118.000,136 hp,1499 cc,545000
316i M Sport,2012,Benzin,Yarı Otomatik,130.000,136 hp,1598 cc,479000
318i Standart,2001,Benzin & LPG,Otomatik,310.000,143 hp,1995 cc,170000
320i ED Standart,2016,Benzin,Otomatik,111.000,170 hp,1598 cc,579000
320i First Edition Luxury Line,2021,Benzin,Otomatik,4.700,170 hp,1597 cc,1260000
320i ED 40th Year Edition,2016,Benzin,Yarı Otomatik,127.000,170 hp,1598 cc,725000
320i Premium,2006,Benzin & LPG,Otomatik,257.000,150 hp,1995 cc,239000
320i ED M Plus,2015,Benzin,Yarı Otomatik,155.000,170 hp,1598 cc,610000
316i Standart,1989,Benzin,Manuel,102.320,113 hp,1700 cc,105000
320i,1997,Benzin & LPG,Manuel,356.700,150 hp,1991 cc,127000
320i ED Luxury M Plus,2014,Benzin,Otomatik,156.000,170 hp,1598 cc,610000
316i Standart,2005,Benzin & LPG,Manuel,215.250,115 hp,1596 cc,218500
320i ED 40th Year Edition,2016,Benzin,Yarı Otomatik,70.000,170 hp,1598 cc,720000
320d Premium,2006,Dizel,Otomatik,240.000,163 hp,1995 cc,267500
320i ED Luxury M Plus,2016,Benzin,Otomatik,58.000,170 hp,1598 cc,799000
320i,2001,Benzin & LPG,Otomatik,260.000,170 hp,1991 cc,160000
316i Standart,1989,Benzin & LPG,Manuel,250.000,213 hp,2250 cc,135000
318i Edition Luxury Line,2018,Benzin,Otomatik,69.000,136 hp,1499 cc,785000
316i Premium,2009,Benzin & LPG,Manuel,255.000,122 hp,1597 cc,249500
320i Premium,2007,Benzin & LPG,Otomatik,245.000,150 hp,1995 cc,239000
318Ci,2003,Benzin & LPG,Otomatik,249.500,143 hp,1995 cc,329900
320i First Edition Sport Line,2021,Benzin,Otomatik,24.000,170 hp,1597 cc,1085000
320d xDrive Luxury Line,2014,Dizel,Yarı Otomatik,197.000,184 hp,1995 cc,593000
320i Premium,2005,Benzin & LPG,Otomatik,281.582,150 hp,1995 cc,235500
320i ED Sport Line,2015,Benzin,Yarı Otomatik,112.000,170 hp,1598 cc,625000
318i Premium Line,2018,Benzin,Otomatik,68.000,136 hp,1499 cc,699000
330Ci,2001,Benzin & LPG,Manuel,250.000,231 hp,2979 cc,225000
320d Luxury,2013,Dizel,Yarı Otomatik,247.200,184 hp,1995 cc,485000
320i ED M Plus,2013,Benzin,Yarı Otomatik,126.000,170 hp,1598 cc,549000
320i,2000,Benzin & LPG,Otomatik,259.000,170 hp,1991 cc,149650
316i Standart,2006,Benzin & LPG,Manuel,243.000,116 hp,1796 cc,245000
330d Standart,2004,Dizel,Yarı Otomatik,225.000,213 hp,2750 cc,295000
320d M Sport,2011,Dizel,Yarı Otomatik,260.000,184 hp,1995 cc,475000
320i First Edition M Sport,2019,Benzin,Otomatik,41.000,170 hp,1597 cc,995000
318i M Joy,2016,Benzin,Otomatik,71.000,138 hp,1450 cc,618500
320i First Edition M Sport,2022,Benzin,Otomatik,0,170 hp,1597 cc,1395000
